"Country","Year","CO2 emissions (metric tons per capita)","Electric power consumption (kWh per capita)","Energy use (kg of oil equivalent per capita)","Fertility rate, total (births per woman)","GNI per capita, Atlas method (current US$)","Internet users (per 1,000 people)","Life expectancy at birth, total (years)","Military expenditure (% of GDP)","Population, total","Prevalence of HIV, total (% of population ages 15-49)"
"Belarus",2000,5.91,2988.71,2459.67,1.29,"1.38E+03",18.69,68.01,1.26,"1.00E+07",""
"Belarus",2001,5.87,2996.81,2476.16,0,"1300",43.15,0,1.44,"9970260",""
"Belarus",2002,6.03,2982.77,2539.95,1.25,"1370",89.8,68.21,1.4,"9925000",""
"Belarus",2003,6.33,3039.1,2628.83,1.25,"1610",162.76,0,1.3,"9873968","0.31"
"Belarus",2004,0,3143.58,2725.44,1.24,"2150",250.51,68.39,1.36,"9824469",""
"Belarus",2005,0,0,0,1.24,"2760",347.23,68.48,1.24,"9775591","0.34"
"Philippines",2000,1.03,514.02,559.83,0,"1.06E+03",20.33,69.53,1.08,"7.58E+07",""
"Philippines",2001,0.99,535.18,539.4,0,"1.05E+03",25.89,0,0.99,"7.72E+07",""
"Philippines",2002,0.99,539.74,537.47,3.5,"1.03E+03",44.47,70.19,0.98,"7.87E+07",""
"Philippines",2003,0.96,574.47,524.9,0,"1.08E+03",49.9,0,1.03,"8.02E+07","0.1"
"Philippines",2004,0,597.06,542.39,0,"1.20E+03",53.91,0,0.9,"8.16E+07",""
"Philippines",2005,0,0,0,3.2,"1.29E+03",0,71.04,0.82,"8.31E+07","0.1"
"Morocco",2000,1.2,489.04,350.32,2.62,"1.19E+03",7.03,68.81,4.13,"2.85E+07",""
"Morocco",2001,1.32,508.1,370.93,2.5,"1.20E+03",13.87,0,4.08,"2.88E+07",""
"Morocco",2002,1.32,526.4,373.38,2.5,"1.19E+03",23.99,69.48,4.27,"2.92E+07",""
"Morocco",2003,1.28,562.93,370.01,2.5,"1.34E+03",33.87,0,4.22,"2.95E+07","0.09"
"Morocco",2004,0,594.3,383.8,2.43,"1.57E+03",117.3,0,4.54,"2.98E+07",""
"Morocco",2005,0,0,0,2.4,"1.75E+03",152.61,70.38,4.28,"3.01E+07","0.1"
"Afghanistan",2000,0.04,0,0,0,"",0,0,0,"",""
"Afghanistan",2001,0.03,0,0,0,"",0,0,0,"",""
"Afghanistan",2002,0.03,0,0,0,"",0.04,0,0,"",""
"Afghanistan",2003,0.03,0,0,0,"",0.73,0,0,"","0.1"
"Afghanistan",2004,0,0,0,0,"",0.87,0,0,"",""
"Afghanistan",2005,0,0,0,0,"",1,0,0,"","0.1"
"Nicaragua",2000,0.77,349.37,558.5,3.54,"760",10.16,68.87,0.78,"4920286",""
"Nicaragua",2001,0.8,349.6,559.75,0,"760",15.03,0,0.71,"4991475",""
"Nicaragua",2002,0.78,373.83,552.24,3.3,"760",17.82,69.48,0.87,"5050368",""
"Nicaragua",2003,0.77,373.59,613.75,0,"790",19.62,0,0.87,"5096507","0.21"
"Nicaragua",2004,0,416.57,643.39,0,"870",24.4,0,0.7,"5122841",""
"Nicaragua",2005,0,0,0,3.08,"950",27.19,70.39,0.69,"5149311","0.24"
"Korea, Dem. Rep.",2000,3.52,747.14,903.3,2.02,"",0,63.1,0,"2.19E+07",""
"Korea, Dem. Rep.",2001,3.63,772.66,928.63,0,"",0,0,0,"2.20E+07",""
"Korea, Dem. Rep.",2002,3.43,751.85,882.16,2,"",0,63.04,0,"2.21E+07",""
"Korea, Dem. Rep.",2003,3.48,793.87,894.09,0,"",0,0,0,"2.23E+07","0.2"
"Korea, Dem. Rep.",2004,0,826.54,910.17,0,"",0,0,0,"2.24E+07",""
"Korea, Dem. Rep.",2005,0,0,0,1.96,"",0,63.92,0,"2.25E+07","0.2"
"Kyrgyz Republic",2000,0.94,1687.38,497.43,2.4,"280",10.5,68.56,2.85,"4915300",""
"Kyrgyz Republic",2001,0.78,1443.05,451.08,2.4,"280",30.39,68.71,2.35,"4954800",""
"Kyrgyz Republic",2002,0.99,1365.26,507.89,2.5,"290",30.44,68.11,2.73,"4993200",""
"Kyrgyz Republic",2003,1.06,1646.69,531.5,2.5,"340",39.69,68.26,2.87,"5038600","0.1"
"Kyrgyz Republic",2004,0,1421.22,545.87,2.45,"400",51.64,68.15,2.85,"5092802",""
"Kyrgyz Republic",2005,0,0,0,2.41,"450",54.44,68.34,0,"5143500","0.14"
"Middle East & North Africa",2000,3.21,1075.27,1076.66,3.27,"1.66E+03",9.02,68.14,4.32,"2.79E+08",""
"Middle East & North Africa",2001,3.21,1122.92,1104.58,0,"1.71E+03",11.96,0,4.59,"2.84E+08",""
"Middle East & North Africa",2002,3.5,1176.9,1145.34,3.11,"1.70E+03",28.94,68.79,4.18,"2.90E+08",""
"Middle East & North Africa",2003,3.43,1221.77,1157.82,0,"1.81E+03",41.89,0,4.29,"2.95E+08","0.12"
"Middle East & North Africa",2004,0,1290.24,1190.15,0,"1.98E+03",60.28,0,4.28,"3.00E+08",""
"Middle East & North Africa",2005,0,0,0,2.97,"2.22E+03",88.9,69.67,3.73,"3.06E+08","0.15"
"Haiti",2000,0.17,38.17,256.84,4.14,"500",2.52,50.67,0,"7938791",""
"Haiti",2001,0.19,37.62,259.4,0,"480",3.73,0,0,"8053271",""
"Haiti",2002,0.22,32.8,287.16,3.98,"440",9.79,51.42,0,"8169525",""
"Haiti",2003,0.21,30.89,269.93,0,"410",18.1,0,0,"8287465","3.81"
"Haiti",2004,0,30.45,262.28,0,"420",59.47,0,0,"8406941",""
"Haiti",2005,0,0,0,3.75,"460",70.36,52.61,0,"8527777","3.81"
"France",2000,6.01,7491.56,4373.29,1.88,"2.45E+04",143.64,78.91,2.55,"5.89E+07",""
"France",2001,6.28,7596.85,4499.92,1.89,"2.33E+04",264.44,79.11,2.48,"5.92E+07",""
"France",2002,6.16,7571.55,4464.89,1.88,"2.25E+04",302.98,79.31,2.5,"5.96E+07",""
"France",2003,6.22,7792.99,4507.37,1.89,"2.53E+04",361.82,79.26,2.55,"6.02E+07","0.42"
"France",2004,0,7899.74,4546.66,1.9,"3.05E+04",392.13,80.16,2.57,"6.05E+07",""
"France",2005,0,0,0,1.92,"3.46E+04",429.65,80.21,2.49,"6.09E+07","0.4"
"Puerto Rico",2000,2.61,0,0,1.9,"10560",104.82,76.08,0,"3815900",""
"Puerto Rico",2001,3.75,0,0,0,"10950",156.28,0,0,"3839190",""
"Puerto Rico",2002,3.83,0,0,1.9,"",175.41,76.54,0,"3859606",""
"Puerto Rico",2003,0.54,0,0,1.9,"",197.01,0,0,"3877881",""
"Puerto Rico",2004,0,0,0,1.91,"",221.3,77.49,0,"3895107",""
"Puerto Rico",2005,0,0,0,1.8,"",0,77.65,0,"3912054",""
"Egypt, Arab Rep.",2000,2.06,999.41,681.41,0,"1.45E+03",6.69,68.79,2.68,"6.73E+07",""
"Egypt, Arab Rep.",2001,1.93,1052.29,688.89,0,"1.46E+03",8.75,0,2.78,"6.86E+07",""
"Egypt, Arab Rep.",2002,2.02,1103.2,752.63,3.3,"1.40E+03",27.18,69.61,2.83,"6.99E+07",""
"Egypt, Arab Rep.",2003,1.96,1173.06,761.33,3.2,"1.31E+03",42.09,0,2.83,"7.13E+07","0.1"
"Egypt, Arab Rep.",2004,0,1215.34,783.03,3.1,"1.25E+03",53.69,0,2.78,"7.26E+07",""
"Egypt, Arab Rep.",2005,0,0,0,3.1,"1.25E+03",67.54,70.53,2.8,"7.40E+07","0.1"
"Cape Verde",2000,0.31,0,0,3.9,"1280",17.75,69.24,1.28,"450597",""
"Cape Verde",2001,0.32,0,0,0,"1240",26.01,0,0.84,"461331",""
"Cape Verde",2002,0.31,0,0,3.77,"1210",33.87,69.84,0.73,"472372",""
"Cape Verde",2003,0.3,0,0,0,"1400",41.35,0,0.71,"483675",""
"Cape Verde",2004,0,0,0,0,"1630",50.49,0,0.71,"495171",""
"Cape Verde",2005,0,0,0,3.53,"1980",49.33,70.71,0,"506807",""
"High income: nonOECD",2000,12.57,7062.48,4902.32,2.72,"1.42E+04",175.43,75.23,5.43,"7.87E+07",""
"High income: nonOECD",2001,12.67,7218,5025.21,0,"1.42E+04",232.88,0,5.82,"8.01E+07",""
"High income: nonOECD",2002,12.9,7457.46,5182.79,2.59,"1.40E+04",290.56,75.72,5.4,"8.14E+07",""
"High income: nonOECD",2003,13.08,7832.17,5320.97,0,"1.48E+04",322.81,0,5.1,"8.29E+07",""
"High income: nonOECD",2004,0,7996.93,5586.83,0,"1.65E+04",346.73,0,4.97,"8.42E+07",""
"High income: nonOECD",2005,0,0,0,2.52,"1.80E+04",0,76.35,4.82,"8.56E+07",""
"Djibouti",2000,0.54,0,0,5.3,"770",1.96,52.47,4.06,"714574",""
"Djibouti",2001,0.53,0,0,0,"780",4.5,0,3.98,"733118",""
"Djibouti",2002,0.48,0,0,5.09,"790",6,52.63,4.28,"749745",""
"Djibouti",2003,0.48,0,0,0,"880",8.5,0,0,"764838","3.12"
"Djibouti",2004,0,0,0,0,"970",11.55,0,0,"779102",""
"Djibouti",2005,0,0,0,4.74,"1010",12.61,53.39,0,"793078","3.11"
"Cayman Islands",2000,0,0,0,0,"",0,0,0,"",""
"Cayman Islands",2001,0,0,0,0,"",0,0,0,"",""
"Cayman Islands",2002,0,0,0,0,"",0,0,0,"",""
"Cayman Islands",2003,7.07,0,0,0,"",0,0,0,"43000",""
"Cayman Islands",2004,0,0,0,0,"",0,0,0,"44000",""
"Cayman Islands",2005,0,0,0,0,"",0,0,0,"45000",""
"Latvia",2000,2.52,2078.41,1638.7,1.24,"3220",63.24,70.37,0.89,"2372000",""
"Latvia",2001,2.79,2192.88,1799.92,1.21,"3550",72.06,70.21,1.05,"2359000",""
"Latvia",2002,2.75,2279.73,1797.26,1.24,"3840",132.59,70.26,1.58,"2338000",""
"Latvia",2003,2.89,2455.55,1892.62,1.29,"4450",0,70.68,1.69,"2325342","0.58"
"Latvia",2004,0,2548.87,1988.07,1.24,"5450",350.23,71.21,1.67,"2312791",""
"Latvia",2005,0,0,0,1.31,"6760",447.73,71.36,1.69,"2300500","0.79"
"Bangladesh",2000,0.22,103.59,145.13,3.22,"3.90E+02",0.78,61.53,1.41,"1.29E+08",""
"Bangladesh",2001,0.25,113.94,155.39,0,"3.80E+02",1.41,0,1.34,"1.31E+08",""
"Bangladesh",2002,0.25,121.56,156.63,3,"3.80E+02",1.52,62.58,1.25,"1.34E+08",""
"Bangladesh",2003,0.25,127.67,160.9,3,"4.00E+02",1.78,0,1.2,"1.37E+08","0.1"
"Bangladesh",2004,0,139.55,163.7,2.99,"4.40E+02",2.15,0,1.19,"1.39E+08",""
"Bangladesh",2005,0,0,0,2.98,"4.70E+02",2.61,63.9,1.14,"1.42E+08","0.1"
"Bosnia and Herzegovina",2000,5.05,1979.66,1044.42,1.28,"1420",10.4,73.61,0,"3847126",""
"Bosnia and Herzegovina",2001,5.06,1925.97,1118.87,0,"1480",11.54,0,0,"3900366",""
"Bosnia and Herzegovina",2002,4.82,2005.71,1063.81,1.32,"1580",25.5,73.93,3.92,"3920808",""
"Bosnia and Herzegovina",2003,4.88,2096.38,1134.97,0,"1840",38.28,0,2.62,"3918175",""
"Bosnia and Herzegovina",2004,0,2180.09,1203.23,1.22,"2280",57.55,0,2.16,"3909479",""
"Bosnia and Herzegovina",2005,0,0,0,1.19,"2680",206.4,74.41,1.76,"3907074","0.1"
"Panama",2000,1.95,1301.04,874.93,2.74,"3740",36.43,74.36,0,"2949948",""
"Panama",2001,2.33,1308.19,954.29,0,"3700",40.39,0,0,"3006435",""
"Panama",2002,1.9,1338.3,843.99,2.7,"3820",47.33,74.74,0,"3062835",""
"Panama",2003,1.93,1400.71,835.81,0,"3930",55.49,0,0,"3119132","0.86"
"Panama",2004,0,1466.29,801.17,0,"4310",61.9,0,0,"3175354",""
"Panama",2005,0,0,0,2.62,"4640",63.8,75.24,0,"3231502","0.89"
"Virgin Islands (U.S.)",2000,111.57,0,0,2.35,"",138.07,77.56,0,"108637",""
"Virgin Islands (U.S.)",2001,122.13,0,0,0,"",183.91,0,0,"108749",""
"Virgin Islands (U.S.)",2002,113.25,0,0,2.2,"",275.71,78.11,0,"108810",""
"Virgin Islands (U.S.)",2003,124.28,0,0,0,"",0,0,0,"108814",""
"Virgin Islands (U.S.)",2004,0,0,0,2.17,"",0,78.41,0,"108775",""
"Virgin Islands (U.S.)",2005,0,0,0,2.2,"",0,78.55,0,"108708",""
"Syrian Arab Republic",2000,2.87,1039.44,1044.74,3.66,"9.50E+02",1.78,72.5,5.37,"1.68E+07",""
"Syrian Arab Republic",2001,2.75,1112.46,984.48,0,"1.08E+03",3.48,0,6.05,"1.72E+07",""
"Syrian Arab Republic",2002,2.85,1191.81,1014.64,3.47,"1.15E+03",20.64,73.13,5.9,"1.77E+07",""
"Syrian Arab Republic",2003,2.7,1243.27,981.7,0,"1.21E+03",33.65,0,6.75,"1.81E+07","0.2"
"Syrian Arab Republic",2004,0,1317.45,992.51,0,"1.31E+03",43.05,0,6.26,"1.86E+07",""
"Syrian Arab Republic",2005,0,0,0,3.24,"1.42E+03",57.76,73.82,0,"1.90E+07","0.2"
"Uzbekistan",2000,4.81,1779.59,2034.52,2.6,"6.30E+02",4.87,67.85,0,"2.47E+07",""
"Uzbekistan",2001,4.8,1752.43,2025.75,0,"5.60E+02",6.01,0,0.83,"2.50E+07",""
"Uzbekistan",2002,4.83,1775.81,2046.04,2.35,"4.50E+02",10.88,66.97,0,"2.53E+07",""
"Uzbekistan",2003,4.83,1758.55,2064.05,2.31,"4.20E+02",19.24,0,0.54,"2.56E+07","0.08"
"Uzbekistan",2004,0,1795.67,2087.58,2.26,"4.60E+02",34.02,0,0,"2.59E+07",""
"Uzbekistan",2005,0,0,0,2.22,"5.30E+02",0,67.37,0,"2.62E+07","0.21"
"Burundi",2000,0.04,0,0,6.8,"120",0.77,42.83,5.97,"6486071",""
"Burundi",2001,0.04,0,0,0,"110",1.06,0,8.04,"6633320",""
"Burundi",2002,0.04,0,0,6.8,"100",1.17,43.39,7.56,"6818131",""
"Burundi",2003,0.03,0,0,0,"90",1.99,0,7.3,"7036675","3.26"
"Burundi",2004,0,0,0,0,"90",3.43,0,6.47,"7281837",""
"Burundi",2005,0,0,0,6.8,"100",5.3,44.65,0.01,"7547515","3.26"
"Guyana",2000,2.15,0,0,2.36,"880",67.23,61.78,0,"743683",""
"Guyana",2001,2.21,0,0,0,"870",134.1,0,0,"745714",""
"Guyana",2002,2.15,0,0,2.29,"880",167.23,62.76,0,"747487",""
"Guyana",2003,2.18,0,0,0,"910",186.92,0,0,"748989","2.44"
"Guyana",2004,0,0,0,0,"930",193.27,0,0,"750232",""
"Guyana",2005,0,0,0,2.18,"1030",212.99,64.26,0,"751218","2.45"
"Kiribati",2000,0.36,0,0,3.84,"1030",16.54,61.87,0,"90700",""
"Kiribati",2001,0.32,0,0,0,"1040",21.55,0,0,"92806.66",""
"Kiribati",2002,0.31,0,0,3.6,"1040",21.12,62.82,0,"94703.91",""
"Kiribati",2003,0.3,0,0,0,"980",20.75,0,0,"96377.02",""
"Kiribati",2004,0,0,0,0,"1070",20.45,0,0,"97812.85",""
"Kiribati",2005,0,0,0,0,"1170",20.2,0,0,"99000",""
"Mexico",2000,4.04,1794.61,1534.91,2.41,"5.11E+03",51.63,73.99,0.52,"9.80E+07",""
"Mexico",2001,4.12,1806.73,1537.34,2.34,"5.58E+03",74.85,74.29,0.54,"9.90E+07",""
"Mexico",2002,3.99,1834.94,1556.03,2.27,"6.00E+03",107.64,74.54,0.5,"1.00E+08",""
"Mexico",2003,4.12,1816.33,1583.49,2.21,"6.37E+03",120.95,74.84,0.46,"1.01E+08","0.27"
"Mexico",2004,0,1838.49,1621.51,2.16,"6.93E+03",137.55,75.09,0.41,"1.02E+08",""
"Mexico",2005,0,0,0,2.11,"7.30E+03",180.64,75.37,0.39,"1.03E+08","0.28"
"Canada",2000,16.11,16986.22,8129.98,1.49,"2.18E+04",421.55,79.19,1.16,"3.08E+07",""
"Canada",2001,15.89,16802.83,7914.57,0,"2.21E+04",450.42,79.44,1.19,"3.11E+07",""
"Canada",2002,17.09,16955.33,7972.51,1.52,"2.26E+04",484.66,79.64,1.17,"3.14E+07",""
"Canada",2003,17.88,17226.08,8302.25,1.53,"2.44E+04",556.43,79.79,1.17,"3.16E+07","0.3"
"Canada",2004,0,17155.71,8410.64,1.53,"2.81E+04",625.21,0,1.16,"3.20E+07",""
"Canada",2005,0,0,0,1.51,"3.26E+04",520.14,80.18,1.14,"3.23E+07","0.3"
"Channel Islands",2000,0,0,0,1.75,"",0,78.85,0,"146675",""
"Channel Islands",2001,0,0,0,0,"",0,0,0,"147237",""
"Channel Islands",2002,0,0,0,1.75,"",0,79.15,0,"147802",""
"Channel Islands",2003,0,0,0,1.75,"",0,0,0,"148366",""
"Channel Islands",2004,0,0,0,1.67,"",0,79.09,0,"148920",""
"Channel Islands",2005,0,0,0,0,"",0,0,0,"149463",""
"Marshall Islands",2000,0,0,0,0,"2540",15.15,65.24,0,"52821.52",""
"Marshall Islands",2001,0,0,0,0,"2550",16.42,0,0,"54805.98",""
"Marshall Islands",2002,0,0,0,0,"2720",21.98,0,0,"56864.99",""
"Marshall Islands",2003,0,0,0,0,"2880",23.73,0,0,"59001.37",""
"Marshall Islands",2004,0,0,0,0,"2810",32.67,0,0,"61218",""
"Marshall Islands",2005,0,0,0,0,"2930",34.77,0,0,"63266.1",""
"Iceland",2000,7.68,26220.64,11544.48,2.08,"30580",597.86,78.95,0,"281000",""
"Iceland",2001,7.36,26947.37,11800,1.95,"29380",603.51,79.41,0,"285000",""
"Iceland",2002,7.62,27850.7,11788.19,1.93,"28860",647.92,79.45,0,"288000",""
"Iceland",2003,7.55,27663.8,11694.08,1.99,"31570",673.46,79.65,0,"289548.1","0.2"
"Iceland",2004,0,28213.31,11975.51,2.03,"39800",772.38,80.91,0,"292096.2",""
"Iceland",2005,0,0,0,2.05,"48570",869.42,81.1,0,"296750","0.2"
"Barbados",2000,4.45,0,0,1.75,"",37.58,75.42,0.85,"266089",""
"Barbados",2001,4.54,0,0,0,"",56.22,0,0.92,"266815",""
"Barbados",2002,4.57,0,0,1.75,"",112.14,74.94,0.95,"267518",""
"Barbados",2003,4.44,0,0,1.75,"",372.85,0,0.87,"268204","1.57"
"Barbados",2004,0,0,0,1.69,"",557.87,75.4,0,"268881",""
"Barbados",2005,0,0,0,0,"",593.57,0,0,"269556","1.55"
"Lebanon",2000,4.07,2081.23,1340.83,2.47,"4590",79.53,71.3,5.23,"3772283",""
"Lebanon",2001,4.32,2093.85,1422.25,0,"4570",68.05,0,5.33,"3820719",""
"Lebanon",2002,4.23,2238.95,1388.14,2.32,"4510",103.38,71.83,4.33,"3869218",""
"Lebanon",2003,4.84,2288.43,1520.6,0,"4830",127.63,0,3.94,"3917538","0.08"
"Lebanon",2004,0,2231.33,1361.2,0,"5550",151.33,0,3.81,"3964891",""
"Lebanon",2005,0,0,0,2.25,"5510",174.53,72.54,0,"4010740","0.14"
"Europe & Central Asia",2000,6.52,3287.62,2631.46,1.62,"1.96E+03",27.79,68.47,3.2,"4.60E+08",""
"Europe & Central Asia",2001,6.51,3316.64,2662.04,0,"1.92E+03",40.71,0,3.16,"4.60E+08",""
"Europe & Central Asia",2002,6.57,3342.29,2676.52,1.6,"2.10E+03",65.95,68.57,3.18,"4.60E+08",""
"Europe & Central Asia",2003,6.82,3462.81,2783.5,0,"2.49E+03",97.1,0,3.07,"4.60E+08","0.56"
"Europe & Central Asia",2004,0,3568.43,2808.98,0,"3.18E+03",136.02,0,2.8,"4.60E+08",""
"Europe & Central Asia",2005,0,0,0,1.58,"3.97E+03",186.42,68.95,2.78,"4.60E+08","0.61"
"Lesotho",2000,0,0,0,0,"630",2.24,41.16,3.58,"1787504",""
"Lesotho",2001,0,0,0,0,"580",2.78,0,3.11,"1795843",""
"Lesotho",2002,0,0,0,3.65,"530",11.67,36.47,2.85,"1799710",""
"Lesotho",2003,0,0,0,3.5,"580",16.67,0,2.81,"1799971","23.68"
"Lesotho",2004,0,0,0,0,"720",23.92,0,2.56,"1797972",""
"Lesotho",2005,0,0,0,3.4,"930",0,35.16,2.35,"1794769","23.24"
"El Salvador",2000,0.91,643.9,648.99,3,"2000",11.15,70.15,0.85,"6280482",""
"El Salvador",2001,0.93,579.15,666.78,0,"2040",23.43,0,0.79,"6402452",""
"El Salvador",2002,0.92,605.67,659.01,2.88,"2080",45.99,70.63,0.76,"6523374",""
"El Salvador",2003,0.98,621.53,683.25,0,"2190",82.79,0,0.7,"6643296","0.91"
"El Salvador",2004,0,629.21,663.52,0,"2330",86.87,0,0.67,"6762439",""
"El Salvador",2005,0,0,0,2.76,"2450",92.58,71.31,0.62,"6880951","0.92"
"Liechtenstein",2000,0,0,0,0,"",0,0,0,"",""
"Liechtenstein",2001,0,0,0,0,"",0,0,0,"",""
"Liechtenstein",2002,0,0,0,0,"",0,0,0,"",""
"Liechtenstein",2003,0,0,0,0,"",586.51,0,0,"34100",""
"Liechtenstein",2004,0,0,0,0,"",638.61,0,0,"34450",""
"Liechtenstein",2005,0,0,0,0,"",633.09,0,0,"34750",""
"World",2000,3.81,2395.84,1686.82,2.7,"5.25E+03",65.07,66.71,2.27,"6.07E+09",""
"World",2001,3.83,2389.59,1677.28,0,"5.22E+03",80.29,0,2.32,"6.14E+09",""
"World",2002,3.92,2441.18,1693.42,2.64,"5.17E+03",99.91,66.99,2.42,"6.22E+09",""
"World",2003,4.04,2516.62,1730.77,0,"5.56E+03",115.02,0,2.49,"6.29E+09","0.92"
"World",2004,0,2601.03,1790.49,0,"6.34E+03",134.62,0,2.5,"6.37E+09",""
"World",2005,0,0,0,2.58,"7.02E+03",136.5,67.6,2.49,"6.45E+09","0.94"
"Central African Republic",2000,0.07,0,0,5.09,"270",0.53,40.59,0,"3777405",""
"Central African Republic",2001,0.07,0,0,0,"260",0.78,0,0,"3835064",""
"Central African Republic",2002,0.07,0,0,4.96,"250",1.29,39.37,1.02,"3887379",""
"Central African Republic",2003,0.06,0,0,0,"260",1.52,0,1.26,"3936626","10.82"
"Central African Republic",2004,0,0,0,0,"310",2.26,0,1.16,"3985971",""
"Central African Republic",2005,0,0,0,4.73,"350",2.72,39.43,1.12,"4037747","10.73"
"Slovenia",2000,7.25,5777.78,3262.44,1.26,"10780",150.83,75.91,1.15,"1989000",""
"Slovenia",2001,7.58,6006.53,3415.16,1.21,"10400",301.2,76.2,1.37,"1992000",""
"Slovenia",2002,7.66,6383.15,3481.44,1.21,"10360",376.13,76.45,1.47,"1994000",""
"Slovenia",2003,7.72,6582.15,3510.55,1.2,"11990",400.86,76.4,1.49,"1995700","0.1"
"Slovenia",2004,0,6834.75,3590.89,1.25,"14880",475.71,77.61,1.59,"1997000",""
"Slovenia",2005,0,0,0,1.23,"17430",544.86,77.61,1.67,"2000500","0.1"
"Burkina Faso",2000,0.09,0,0,0,"2.50E+02",0.8,46.79,1.41,"1.13E+07",""
"Burkina Faso",2001,0.09,0,0,0,"2.40E+02",1.63,0,1.31,"1.16E+07",""
"Burkina Faso",2002,0.09,0,0,6.2,"2.50E+02",2.08,47.35,1.5,"1.20E+07",""
"Burkina Faso",2003,0.08,0,0,0,"2.90E+02",3.87,0,1.31,"1.24E+07","1.8"
"Burkina Faso",2004,0,0,0,5.9,"3.50E+02",4.15,0,1.28,"1.28E+07",""
"Burkina Faso",2005,0,0,0,5.9,"4.30E+02",4.88,48.48,1.34,"1.32E+07","2.01"
"Mongolia",2000,3.13,0,0,2.62,"390",12.51,65.1,2.58,"2398000",""
"Mongolia",2001,3.25,0,0,0,"390",16.52,0,2.28,"2421360",""
"Mongolia",2002,3.38,0,0,2.43,"420",20.42,65.46,2.27,"2448509",""
"Mongolia",2003,3.21,0,0,0,"490",57.59,0,1.89,"2479568","0.1"
"Mongolia",2004,0,0,0,0,"610",79.53,0,1.71,"2514678",""
"Mongolia",2005,0,0,0,2.33,"720",105.05,66.84,0,"2554000","0.1"
"Guatemala",2000,0.91,344.79,639.96,4.76,"1.74E+03",7.16,66.25,0.82,"1.12E+07",""
"Guatemala",2001,0.92,373.29,639.52,0,"1.73E+03",17.49,0,0.94,"1.14E+07",""
"Guatemala",2002,0.94,378.45,630.52,4.6,"1.79E+03",34.16,67.04,0.68,"1.17E+07",""
"Guatemala",2003,0.89,492.31,607.83,0,"1.96E+03",45.84,0,0.72,"1.20E+07","0.86"
"Guatemala",2004,0,514.2,615.63,0,"2.19E+03",61.81,0,0.42,"1.23E+07",""
"Guatemala",2005,0,0,0,4.33,"2.40E+03",79.37,67.85,0.41,"1.26E+07","0.9"
"Timor-Leste",2000,0,0,0,6.64,"",0,54.14,0,"783635.7",""
"Timor-Leste",2001,0,0,0,0,"",0,0,0,"787338",""
"Timor-Leste",2002,0.19,0,0,7.79,"420",0,55.17,0,"830676.7",""
"Timor-Leste",2003,0.18,0,0,7.77,"390",0,0,0,"876400.9","0.2"
"Timor-Leste",2004,0,0,0,0,"580",0,0,0,"924642",""
"Timor-Leste",2005,0,0,0,7.47,"750",0,56.72,0,"975538.5","0.2"
"New Zealand",2000,8.59,8911.82,4495.83,2.02,"13760",392.71,78.64,1.23,"3857800",""
"New Zealand",2001,9.02,8723.36,4492.2,1.97,"13560",454.07,78.69,1.14,"3880500",""
"New Zealand",2002,8.78,8872.08,4502.3,1.9,"13650",484.37,78.85,1.08,"3939100",""
"New Zealand",2003,8.67,9011.77,4309.59,1.94,"15740",526.29,79.15,1.05,"4009200","0.1"
"New Zealand",2004,0,8936.57,4344.31,2.01,"19610",578.62,79.55,1.03,"4061400",""
"New Zealand",2005,0,0,0,2,"25920",671.89,79.62,1.01,"4098900","0.1"
"Angola",2000,0.48,89.16,572.3,6.81,"4.30E+02",1.08,40.44,2.21,"1.38E+07",""
"Angola",2001,0.5,98.49,585.02,0,"4.70E+02",1.41,0,1.43,"1.42E+07",""
"Angola",2002,0.52,103.09,589.93,6.75,"6.20E+02",2.8,40.7,1.5,"1.46E+07",""
"Angola",2003,0.57,113.45,606.1,0,"7.10E+02",5.58,0,2.13,"1.50E+07","3.7"
"Angola",2004,0,123.82,612.52,0,"9.40E+02",11.1,0,4.14,"1.55E+07",""
"Angola",2005,0,0,0,6.56,"1.41E+03",11.04,41.42,5.04,"1.59E+07","3.68"
"High income: OECD",2000,12.71,9443.35,5461.17,1.66,"2.74E+04",328.4,78.23,2.18,"9.09E+08",""
"High income: OECD",2001,12.68,9317.71,5407.69,1.64,"2.72E+04",390.38,78.45,2.22,"9.15E+08",""
"High income: OECD",2002,12.73,9448.38,5414.13,1.62,"2.70E+04",443.3,78.56,2.36,"9.20E+08",""
"High income: OECD",2003,12.76,9546.92,5423.13,1.46,"2.91E+04",471.94,78.7,2.48,"9.26E+08","0.36"
"High income: OECD",2004,0,9693.51,5495.31,1.66,"3.32E+04",524.85,78.84,2.51,"9.32E+08",""
"High income: OECD",2005,0,0,0,1.66,"3.65E+04",525.36,79.24,2.54,"9.38E+08","0.36"
"Greece",2000,8.27,4539.41,2548.29,1.29,"1.15E+04",91.6,77.99,4.76,"1.09E+07",""
"Greece",2001,8.48,4680.66,2621.38,1.25,"1.12E+04",83.59,77.99,4.5,"1.09E+07",""
"Greece",2002,8.53,4868.24,2642.35,1.27,"1.14E+04",135.18,78.69,4.24,"1.10E+07",""
"Greece",2003,8.73,5044.75,2711.2,1.28,"1.34E+04",155.89,78.84,4.06,"1.10E+07","0.16"
"Greece",2004,0,5148.01,2754.72,1.31,"1.69E+04",176.74,78.94,4.17,"1.11E+07",""
"Greece",2005,0,0,0,1.28,"1.98E+04",180.21,78.99,4.48,"1.11E+07","0.17"
"Maldives",2000,1.72,0,0,4.69,"2010",20.67,65.38,0,"290209",""
"Maldives",2001,3.1,0,0,0,"1990",33.57,0,0,"297916",""
"Maldives",2002,3.37,0,0,4.33,"2020",49.08,66.34,0,"305615",""
"Maldives",2003,1.41,0,0,0,"2160",54.25,0,0,"313352","0.2"
"Maldives",2004,0,0,0,0,"2440",59.15,0,0,"321196",""
"Maldives",2005,0,0,0,4,"2320",0,67.64,0,"329198","0.2"
"Thailand",2000,3.28,1483.76,1213.74,1.94,"1.99E+03",37.44,69.48,1.45,"6.14E+07",""
"Thailand",2001,3.5,1541.69,1260.88,0,"1.95E+03",57.02,0,1.47,"6.20E+07",""
"Thailand",2002,3.68,1655.91,1331.62,1.93,"1.97E+03",76.7,69.75,1.41,"6.26E+07",""
"Thailand",2003,3.89,1751.76,1405.71,0,"2.15E+03",95.5,0,1.31,"6.31E+07","1.35"
"Thailand",2004,0,1864.58,1524.03,0,"2.49E+03",109.45,0,1.19,"6.37E+07",""
"Thailand",2005,0,0,0,1.89,"2.72E+03",110.29,70.9,1.15,"6.42E+07","1.4"
"Ukraine",2000,6.18,2773.43,2643.66,1.1,"7.00E+02",7.12,67.86,3.64,"4.92E+07",""
"Ukraine",2001,6.27,2790.53,2670.43,1.1,"7.30E+02",12.32,68.29,2.86,"4.87E+07",""
"Ukraine",2002,6.35,2844.81,2735.94,1.1,"7.90E+02",18.67,68.28,2.77,"4.82E+07",""
"Ukraine",2003,6.58,2997.85,2949.03,1.2,"9.80E+02",52.29,68.21,2.85,"4.78E+07","1.29"
"Ukraine",2004,0,3151.68,2958.05,1.2,"1.27E+03",79.05,68.19,2.6,"4.74E+07",""
"Ukraine",2005,0,0,0,1.2,"1.54E+03",96.87,67.96,2.36,"4.71E+07","1.4"
"Middle income",2000,3.02,1465.51,1234.39,2.21,"1.72E+03",24.27,69.11,2.03,"2.93E+09",""
"Middle income",2001,3.09,1504,1238.01,0,"1.74E+03",35.27,0,2.14,"2.95E+09",""
"Middle income",2002,3.28,1570.37,1270.77,2.17,"1.77E+03",55.26,69.49,2.16,"2.98E+09",""
"Middle income",2003,3.51,1690.14,1345.25,0,"1.93E+03",72.79,0,2.14,"3.01E+09","0.61"
"Middle income",2004,0,1816.97,1436.97,0,"2.26E+03",90.11,0,2.06,"3.03E+09",""
"Middle income",2005,0,0,0,2.1,"2.64E+03",114.3,70.42,1.98,"3.06E+09","0.63"
"Brunei",2000,17.19,7539.07,7623.03,2.58,"",89.97,76.17,6.52,"333463",""
"Brunei",2001,16.06,6654.77,6944.75,0,"",102.52,0,7.32,"341409",""
"Brunei",2002,15.06,6756.39,6659.09,2.5,"",127.77,76.49,6.62,"349447",""
"Brunei",2003,12.72,6840.94,7495.39,0,"",160.71,0,0,"357553","0.1"
"Brunei",2004,0,7615.8,7369.69,0,"",276.62,0,0,"365687",""
"Brunei",2005,0,0,0,2.38,"",0,76.97,0,"373819","0.1"
"Tonga",2000,1.21,0,0,3.73,"1560",23.95,71.72,0,"100190",""
"Tonga",2001,1.05,0,0,0,"1460",27.8,0,0,"100732",""
"Tonga",2002,1.05,0,0,3.54,"1440",28.65,72.11,0,"101205",""
"Tonga",2003,1.12,0,0,0,"1520",29.52,0,0,"101617",""
"Tonga",2004,0,0,0,0,"1750",29.42,0,0,"101982",""
"Tonga",2005,0,0,0,3.31,"1970",29.32,72.65,0,"102311",""
"Iraq",2000,2.91,1164,1037.82,0,"",0,0,0,"",""
"Iraq",2001,3.19,1169.25,1144.1,0,"",0.49,0,0,"",""
"Iraq",2002,3.33,1199.06,1178.6,0,"",0.95,0,0,"",""
"Iraq",2003,2.71,991.87,965.17,0,"",1.12,0,0,"","0.2"
"Iraq",2004,0,1150.72,1083.49,0,"",1.31,0,0,"",""
"Iraq",2005,0,0,0,0,"",0,0,0,"","0.2"
"Italy",2000,7.51,5299.27,3033.03,1.24,"2.09E+04",231.79,79.52,2.04,"5.69E+07",""
"Italy",2001,7.52,5405.87,3046.59,1.26,"2.02E+04",273.78,79.68,1.97,"5.70E+07",""
"Italy",2002,7.56,5530.19,3035.41,1.26,"1.98E+04",346.41,79.78,2,"5.72E+07",""
"Italy",2003,7.73,5623.9,3146.53,1.28,"2.22E+04",397.19,79.64,2.01,"5.76E+07","0.5"
"Italy",2004,0,5640.09,3170.76,1.33,"2.67E+04",467.04,80.65,1.98,"5.82E+07",""
"Italy",2005,0,0,0,1.32,"3.03E+04",477.76,80.33,1.77,"5.86E+07","0.5"
"Moldova",2000,1.58,871.08,692.33,1.3,"370",12.69,67.91,0.4,"4145437",""
"Moldova",2001,1.73,982.1,768.61,0,"400",14.67,68.06,0.4,"4089202",""
"Moldova",2002,1.67,1046.92,744.9,1.28,"460",37.2,67.67,0.42,"4032768",""
"Moldova",2003,1.82,1240.2,837.69,0,"570",72.41,67.86,0.4,"3977596","0.87"
"Moldova",2004,0,1319.18,862.13,1.26,"730",103.44,0,0.35,"3925170",""
"Moldova",2005,0,0,0,1.27,"960",0,68.26,0.31,"3876661","1.05"
"High income",2000,12.7,9266.9,5419.76,1.72,"2.63E+04",316.27,77.99,2.3,"9.88E+08",""
"High income",2001,12.68,9160.32,5379.02,0,"2.62E+04",377.75,0,2.34,"9.95E+08",""
"High income",2002,12.74,9297.75,5396.62,1.68,"2.59E+04",430.89,78.33,2.46,"1.00E+09",""
"High income",2003,12.79,9416.16,5415.34,0,"2.80E+04",459.78,0,2.56,"1.01E+09","0.35"
"High income",2004,0,9562.99,5502.35,0,"3.18E+04",510.21,0,2.59,"1.02E+09",""
"High income",2005,0,0,0,1.71,"3.50E+04",523.43,79,2.61,"1.02E+09","0.35"
"Papua New Guinea",2000,0.46,0,0,4.32,"650",8.49,54.66,0.89,"5298867",""
"Papua New Guinea",2001,0.46,0,0,0,"580",9.23,0,0.82,"5419232",""
"Papua New Guinea",2002,0.45,0,0,4.1,"520",13.54,55.22,0.57,"5538159",""
"Papua New Guinea",2003,0.44,0,0,0,"510",18.57,0,0.55,"5655675","1.59"
"Papua New Guinea",2004,0,0,0,0,"590",20.79,0,0.62,"5771947",""
"Papua New Guinea",2005,0,0,0,3.8,"700",22.93,56.39,0.53,"5887138","1.76"
"Guinea",2000,0.16,0,0,0,"410",0.98,52.86,1.48,"8202628",""
"Guinea",2001,0.15,0,0,0,"380",1.79,0,2.89,"8358572",""
"Guinea",2002,0.16,0,0,5.9,"370",4.11,53.61,2.92,"8513599",""
"Guinea",2003,0.15,0,0,0,"390",4.61,0,0,"8670641","1.56"
"Guinea",2004,0,0,0,5.7,"440",5.21,0,0,"8832767",""
"Guinea",2005,0,0,0,5.6,"440",5.55,54.05,0,"9002656","1.52"
"Cyprus",2000,9.25,4585.01,3494.24,1.64,"13280",172.91,78.14,2.08,"694000",""
"Cyprus",2001,9.17,4729.86,3496.79,1.57,"13170",213.83,78.49,2.33,"701500",""
"Cyprus",2002,9.19,5093.62,3473.18,1.49,"13240",295.65,78.82,1.57,"710300",""
"Cyprus",2003,10.07,5375.3,3703.91,1.5,"15160",345.9,79.15,1.48,"722750","0.2"
"Cyprus",2004,0,6046.23,3534.74,1.49,"18430",402.81,0,1.48,"739800",""
"Cyprus",2005,0,0,0,1.42,"",430.19,79.29,0,"757800","0.2"
"Denmark",2000,8.66,6484.31,3621.84,1.77,"31850",391.58,76.75,1.49,"5337344",""
"Denmark",2001,8.95,6493.83,3714.23,1.75,"30640",429.5,76.94,1.57,"5355082",""
"Denmark",2002,8.85,6534.67,3642.74,1.72,"30070",0,77.09,1.55,"5374255",""
"Denmark",2003,10.11,6605.32,3839.86,1.76,"34090",460.54,77.44,1.5,"5387174","0.2"
"Denmark",2004,0,6631.15,3716.41,1.78,"41280",504.52,77.49,1.46,"5401177",""
"Denmark",2005,0,0,0,1.8,"48330",526.96,77.84,1.37,"5415978","0.22"
"Kuwait",2000,32.22,13377.63,9341.55,2.57,"16790",68.49,76.89,7.15,"2190000",""
"Kuwait",2001,29.61,13650.99,8516.04,0,"17320",87.91,0,7.7,"2275000",""
"Kuwait",2002,28.24,14087,8124.48,2.52,"17590",107.07,77.22,7.46,"2334919",""
"Kuwait",2003,32.74,14807.94,9563.03,2.52,"20050",236.6,0,7.9,"2396417","0.2"
"Kuwait",2004,0,14954.87,10211.69,2.46,"24540",243.95,77.32,7.39,"2459534",""
"Kuwait",2005,0,0,0,2.39,"30630",276.09,77.54,5.74,"2535446","0.2"
"Ghana",2000,0.31,305.78,397.04,4.56,"3.20E+02",1.51,56.72,1.02,"1.99E+07",""
"Ghana",2001,0.34,338.03,402.68,0,"2.90E+02",1.97,0,0.61,"2.03E+07",""
"Ghana",2002,0.35,292.8,401.81,4.39,"2.60E+02",8.19,56.65,0.61,"2.08E+07",""
"Ghana",2003,0.36,247.64,400.2,0,"3.10E+02",11.79,0,0.66,"2.12E+07","2.2"
"Ghana",2004,0,247.04,385.61,0,"3.80E+02",16.99,0,0.8,"2.17E+07",""
"Ghana",2005,0,0,0,4.06,"4.50E+02",18.15,57.48,0.75,"2.21E+07","2.27"
"Pakistan",2000,0.77,373.54,463.15,4.68,"4.90E+02",2.17,62.96,4.05,"1.38E+08",""
"Pakistan",2001,0.74,378.59,461.4,0,"4.90E+02",3.53,0,4.08,"1.41E+08",""
"Pakistan",2002,0.77,384.14,456.96,4.5,"4.90E+02",6.9,63.82,4.28,"1.45E+08",""
"Pakistan",2003,0.77,407.78,466.91,4.5,"5.20E+02",53.89,64.98,4.31,"1.48E+08","0.07"
"Pakistan",2004,0,425.03,489.09,4.31,"6.00E+02",65.76,64.92,3.88,"1.52E+08",""
"Pakistan",2005,0,0,0,4.12,"6.90E+02",67.41,64.86,3.34,"1.56E+08","0.1"
"Gabon",2000,1.15,849.78,1212.17,4.21,"2990",11.79,56.04,0,"1272094",""
"Gabon",2001,1.51,875.77,1243.5,0,"3220",13.11,0,1.91,"1297141",""
"Gabon",2002,1.27,907.61,1249.29,4.02,"3330",18.94,54.58,1.92,"1319952",""
"Gabon",2003,0.91,922.23,1248.03,0,"3520",26.09,0,1.79,"1341309","7.74"
"Gabon",2004,0,927.82,1242.72,0,"3920",29.36,0,1.63,"1362331",""
"Gabon",2005,0,0,0,3.73,"4390",48.42,53.83,1.33,"1383841","7.88"
"Least developed countries: UN classification",2000,0.16,88.73,285.43,5.07,"2.71E+02",1.12,51.18,2.55,"6.67E+08",""
"Least developed countries: UN classification",2001,0.17,100.72,292.8,0,"2.72E+02",1.9,0,2.28,"6.83E+08",""
"Least developed countries: UN classification",2002,0.18,110.64,299.06,4.95,"2.77E+02",2.92,51.58,2.39,"6.99E+08",""
"Least developed countries: UN classification",2003,0.18,115.77,306.27,0,"2.96E+02",4.97,0,2.19,"7.16E+08","2.78"
"Least developed countries: UN classification",2004,0,122.02,313.59,0,"3.39E+02",7.28,0,2.26,"7.34E+08",""
"Least developed countries: UN classification",2005,0,0,0,4.79,"3.89E+02",11.19,52.49,0,"7.51E+08","2.6"
"Bahamas, The",2000,5.95,0,0,2.34,"15380",43.56,68.75,0.64,"301438",""
"Bahamas, The",2001,5.87,0,0,0,"15390",55.34,0,0.58,"305793",""
"Bahamas, The",2002,6.71,0,0,2.3,"15800",193.47,69.4,0.56,"310129",""
"Bahamas, The",2003,5.94,0,0,2.3,"",267.13,0,0.6,"314451","2.88"
"Bahamas, The",2004,0,0,0,2.27,"",291.75,70.42,0.66,"318762",""
"Bahamas, The",2005,0,0,0,2.25,"",318.82,70.96,0.65,"323063","3.27"
"Armenia",2000,1.12,1292.34,672.29,1.7,"660",12.98,72.45,3.56,"3082000",""
"Armenia",2001,1.15,1263.41,673.47,0,"710",16.31,0,3.13,"3064725",""
"Armenia",2002,0.98,1229.86,631.82,1.33,"800",19.67,72.8,2.7,"3049943",""
"Armenia",2003,1.13,1312.07,659.82,0,"950",46.1,0,2.73,"3037193","0.13"
"Armenia",2004,0,1428.25,703.55,1.38,"1140",49.57,0,2.6,"3026089",""
"Armenia",2005,0,0,0,1.37,"1470",53.38,73.33,2.72,"3016312","0.15"
"Equatorial Guinea",2000,0.38,0,0,5.89,"1480",1.56,44.27,0,"448844",""
"Equatorial Guinea",2001,0.35,0,0,0,"1670",1.96,0,0,"459467",""
"Equatorial Guinea",2002,0.36,0,0,5.89,"2820",3.83,43.45,0,"470228",""
"Equatorial Guinea",2003,0.34,0,0,0,"2340",6.24,0,0,"481141","3.23"
"Equatorial Guinea",2004,0,0,0,0,"3200",10.16,0,0,"492233",""
"Equatorial Guinea",2005,0,0,0,5.89,"5410",13.9,42.28,0,"503519","3.2"
"Croatia",2000,4.44,2792.23,1726.6,1.39,"4380",66.49,73.8,2.96,"4502500",""
"Croatia",2001,4.73,2881.01,1785.94,1.27,"4390",116.65,0,2.62,"4440800",""
"Croatia",2002,4.98,3079.8,1850.49,1.34,"4650",177.58,74.66,2.4,"4443150",""
"Croatia",2003,5.36,3144.98,1976.36,1.33,"5490",228.28,74.81,2.06,"4442000",""
"Croatia",2004,0,3315.89,1985.21,1.35,"7010",298.84,75.41,1.67,"4442850",""
"Croatia",2005,0,0,0,1.42,"8350",326.58,75.67,1.58,"4443350","0.1"
"Cameroon",2000,0.23,183.02,428.64,5.05,"6.60E+02",2.69,46.97,1.32,"1.49E+07",""
"Cameroon",2001,0.22,173.65,426.4,0,"6.60E+02",2.97,0,1.29,"1.52E+07",""
"Cameroon",2002,0.22,164.16,425.05,5.02,"6.40E+02",3.88,45.8,1.34,"1.55E+07",""
"Cameroon",2003,0.22,178.24,434.14,5,"7.20E+02",6.35,0,1.38,"1.57E+07","5.51"
"Cameroon",2004,0,207.01,433.29,5,"8.80E+02",10.6,0,1.4,"1.60E+07","5.5"
"Cameroon",2005,0,0,0,5,"1.00E+03",15.32,46.06,1.32,"1.63E+07","5.43"
"Cote d'Ivoire",2000,0.35,171.08,409.68,5.28,"6.50E+02",2.39,46.63,0,"1.67E+07",""
"Cote d'Ivoire",2001,0.33,180.11,386.37,0,"6.00E+02",4.11,0,0,"1.71E+07",""
"Cote d'Ivoire",2002,0.41,175.58,406.43,5.06,"5.70E+02",5.19,46.02,0,"1.73E+07",""
"Cote d'Ivoire",2003,0.32,174.34,378.78,0,"6.30E+02",7.95,0,1.55,"1.76E+07","7.01"
"Cote d'Ivoire",2004,0,176.09,387.59,0,"7.60E+02",8.95,0,0,"1.79E+07",""
"Cote d'Ivoire",2005,0,0,0,4.7,"8.40E+02",11.02,46.18,0,"1.82E+07","7.06"
"Zimbabwe",2000,1.17,847,795.71,3.76,"4.60E+02",3.97,39.84,4.67,"1.26E+07",""
"Zimbabwe",2001,1.07,818.88,772.89,0,"5.40E+02",7.88,0,2.87,"1.27E+07",""
"Zimbabwe",2002,0.99,821.24,765.47,3.56,"7.80E+02",39.11,37.21,2.85,"1.28E+07",""
"Zimbabwe",2003,0.89,819.4,743.83,0,"7.70E+02",62.19,0,2.39,"1.29E+07","22.11"
"Zimbabwe",2004,0,795.13,718.98,0,"5.70E+02",63.39,0,3.41,"1.29E+07",""
"Zimbabwe",2005,0,0,0,3.34,"3.40E+02",76.87,37.26,0,"1.30E+07","20.12"
"Sweden",2000,5.24,15687.11,5492.39,1.54,"28870",456.42,79.65,2.01,"8869000",""
"Sweden",2001,5.38,16024.62,5814.71,1.57,"26950",517.2,79.75,1.86,"8894000",""
"Sweden",2002,6.18,15711.12,5909.01,1.65,"26410",574.29,79.85,1.79,"8924000",""
"Sweden",2003,5.88,15364,5773.78,1.71,"29520",631.42,80.11,1.74,"8956000","0.2"
"Sweden",2004,0,15423.72,5998.34,1.75,"35740",756.23,80.5,1.57,"8991994",""
"Sweden",2005,0,0,0,1.77,"40910",763.52,80.55,1.56,"9024040","0.19"
"Estonia",2000,11.68,4632.3,3307.02,1.34,"4120",285.94,70.87,1.39,"1369513",""
"Estonia",2001,12.02,4765.79,3446.97,1.34,"4340",314.97,70.51,1.52,"1364098",""
"Estonia",2002,11.73,4838.66,3329.06,1.37,"4750",326.8,71.06,1.67,"1358641",""
"Estonia",2003,13.47,5224.16,3638.66,1.37,"5740",443.29,71.32,1.79,"1353520","1.14"
"Estonia",2004,0,5484.07,3835.44,1.47,"7450",496.66,71.87,1.76,"1348999",""
"Estonia",2005,0,0,0,1.5,"9530",512.59,72.57,1.48,"1346100","1.32"
"Nigeria",2000,0.37,73,715.48,0,"2.70E+02",0.64,0,0.8,"1.25E+08",""
"Nigeria",2001,0.38,74.01,720.31,0,"3.10E+02",0.9,0,1.19,"1.28E+08",""
"Nigeria",2002,0.41,101.67,727.51,5.7,"3.10E+02",3.2,46.58,1.92,"1.31E+08",""
"Nigeria",2003,0.39,99.43,726.46,0,"3.60E+02",5.57,0,1.09,"1.35E+08","3.74"
"Nigeria",2004,0,97.21,717.31,0,"4.00E+02",12.82,0,0.89,"1.38E+08",""
"Nigeria",2005,0,0,0,0,"5.20E+02",35.37,0,0.88,"1.41E+08","3.86"
"Mayotte",2000,0,0,0,0,"",0,0,0,"",""
"Mayotte",2001,0,0,0,0,"",0,0,0,"",""
"Mayotte",2002,0,0,0,0,"",0,0,0,"",""
"Mayotte",2003,0,0,0,0,"",0,0,0,"166000",""
"Mayotte",2004,0,0,0,0,"",0,0,0,"172000",""
"Mayotte",2005,0,0,0,0,"",0,0,0,"180000",""
"European Monetary Union",2000,7.96,6417.85,3844.64,1.47,"2.22E+04",230.55,78.46,1.81,"3.05E+08",""
"European Monetary Union",2001,8.1,6566.28,3924.9,0,"2.12E+04",279.3,0,1.76,"3.06E+08",""
"European Monetary Union",2002,8.1,6602.26,3895.75,1.46,"2.07E+04",314.71,78.82,1.76,"3.08E+08",""
"European Monetary Union",2003,8.18,6747.75,3960.79,0,"2.33E+04",363.85,0,1.77,"3.10E+08","0.35"
"European Monetary Union",2004,0,6868.88,3989.64,0,"2.81E+04",411.86,0,1.76,"3.12E+08",""
"European Monetary Union",2005,0,0,0,1.5,"3.21E+04",439.4,79.69,1.69,"3.14E+08","0.34"
"Bolivia",2000,1.18,420.96,594.35,4.01,"1000",14.43,63.11,1.8,"8316648",""
"Bolivia",2001,1.08,412.1,517.19,0,"960",21.21,0,2.26,"8488241",""
"Bolivia",2002,1.05,421.76,497.61,3.8,"930",31.17,63.84,2.14,"8661336",""
"Bolivia",2003,0.89,421.83,503.78,3.8,"920",35.09,0,2.22,"8835246","0.13"
"Bolivia",2004,0,435.12,552.56,0,"960",44.4,0,2.03,"9009045",""
"Bolivia",2005,0,0,0,3.65,"1020",52.28,64.85,1.87,"9182015","0.13"
"Congo, Rep.",2000,0.3,110.54,246.96,0,"510",0.23,51.42,0,"3437797",""
"Congo, Rep.",2001,0.35,117,262.19,0,"570",0.28,0,0,"3546997",""
"Congo, Rep.",2002,0.29,132.61,248.54,0,"620",1.37,51.82,0,"3657416",""
"Congo, Rep.",2003,0.37,121.51,272.73,4.8,"650",3.98,0,1.37,"3769271","5.44"
"Congo, Rep.",2004,0,131.09,273.76,0,"750",9.27,0,0,"3882947",""
"Congo, Rep.",2005,0,0,0,5.6,"950",12.5,52.81,0,"3998904","5.27"
"Solomon Islands",2000,0.39,0,0,4.53,"680",4.78,61.8,0,"418733",""
"Solomon Islands",2001,0.4,0,0,0,"620",4.65,0,0,"430324",""
"Solomon Islands",2002,0.39,0,0,4.33,"550",4.98,62.22,0,"442052",""
"Solomon Islands",2003,0.4,0,0,0,"550",5.51,0,0,"453886",""
"Solomon Islands",2004,0,0,0,0,"590",6.44,0,0,"465793",""
"Solomon Islands",2005,0,0,0,4,"620",8.37,62.94,0,"477742",""
"Liberia",2000,0.14,0,0,6.8,"130",0.16,42.23,0,"3065441",""
"Liberia",2001,0.15,0,0,0,"130",0.32,0,7.54,"3160769",""
"Liberia",2002,0.15,0,0,6.8,"140",0,42.44,7.5,"3206295",""
"Liberia",2003,0.14,0,0,0,"110",0,0,0,"3222484",""
"Liberia",2004,0,0,0,0,"110",0,0,0,"3240578",""
"Liberia",2005,0,0,0,6.78,"120",0,42.47,0,"3283267",""
"Turkmenistan",2000,7.91,1697.64,3214.69,2.87,"650",1.33,62.59,0,"4502140",""
"Turkmenistan",2001,8.68,1769.8,3305.17,0,"",1.75,0,0,"4564367",""
"Turkmenistan",2002,9.08,1760.08,3311.73,2.76,"",0,62.39,0,"4629911",""
"Turkmenistan",2003,9.22,1750.19,3646.63,0,"",4.26,0,0,"4697763",""
"Turkmenistan",2004,0,1740.45,3264.79,0,"",7.55,0,0,"4766009",""
"Turkmenistan",2005,0,0,0,2.6,"",0,62.86,0,"4833266","0.1"
"Kenya",2000,0.34,111.9,489.97,5,"4.30E+02",3.26,48.43,1.3,"3.07E+07",""
"Kenya",2001,0.29,122.37,479.82,0,"4.10E+02",6.38,0,1.5,"3.14E+07",""
"Kenya",2002,0.25,128.65,469.01,5,"4.00E+02",12.48,47.06,1.66,"3.20E+07",""
"Kenya",2003,0.27,134.75,481.25,0,"4.20E+02",30.55,0,1.68,"3.27E+07","6.7"
"Kenya",2004,0,139.96,505.57,0,"4.70E+02",31.52,0,1.58,"3.35E+07",""
"Kenya",2005,0,0,0,4.98,"5.40E+02",32.43,48.99,1.42,"3.43E+07","6.09"
"French Polynesia",2000,2.73,0,0,2.47,"16070",63.53,72.66,0,"236124",""
"French Polynesia",2001,2.27,0,0,0,"",62.43,0,0,"240280",""
"French Polynesia",2002,2.86,0,0,2.39,"",81.81,73.14,0,"244466",""
"French Polynesia",2003,2.78,0,0,0,"",140.77,0,0,"248629",""
"French Polynesia",2004,0,0,0,0,"",178.08,0,0,"252692",""
"French Polynesia",2005,0,0,0,2.31,"",214.34,73.76,0,"256603",""
"Peru",2000,1.05,679.21,482.73,3,"2.06E+03",30.83,69.22,1.73,"2.60E+07",""
"Peru",2001,1,703.4,459.51,0,"1.98E+03",75.87,0,1.84,"2.64E+07",""
"Peru",2002,0.97,736.36,449.28,2.86,"2.04E+03",89.68,69.82,1.24,"2.68E+07",""
"Peru",2003,0.96,758.68,431.49,0,"2.17E+03",104.93,0,1.26,"2.72E+07","0.53"
"Peru",2004,0,794.42,478.84,0,"2.39E+03",116.83,0,1.18,"2.76E+07",""
"Peru",2005,0,0,0,0,"2.64E+03",164.47,70.66,1.25,"2.80E+07","0.57"
"Dominica",2000,1.44,0,0,1.9,"3300",84.12,76.34,0,"71326",""
"Dominica",2001,1.55,0,0,0,"3380",126.62,0,0,"71079",""
"Dominica",2002,1.7,0,0,1.9,"3220",175.86,76.6,0,"71079",""
"Dominica",2003,1.95,0,0,1.9,"3440",224.68,0,0,"71212.83",""
"Dominica",2004,0,0,0,0,"3800",286.83,0,0,"71471",""
"Dominica",2005,0,0,0,0,"3840",361.11,0,0,"72000",""
"Malawi",2000,0.07,0,0,6.23,"1.50E+02",1.3,40.44,0.67,"1.15E+07",""
"Malawi",2001,0.07,0,0,0,"1.40E+02",1.7,0,0.74,"1.18E+07",""
"Malawi",2002,0.07,0,0,6.1,"1.40E+02",2.24,39.63,0.77,"1.21E+07",""
"Malawi",2003,0.07,0,0,0,"1.50E+02",2.92,0,0.74,"1.23E+07","14.18"
"Malawi",2004,0,0,0,0,"1.60E+02",3.66,0,0,"1.26E+07",""
"Malawi",2005,0,0,0,5.84,"1.60E+02",4.07,40.52,0,"1.29E+07","14.09"
"Tunisia",2000,2.06,991.27,793.64,2.08,"2090",27.19,72.6,1.71,"9563500",""
"Tunisia",2001,2.12,1048.21,825.65,2.05,"2060",42.38,72.85,1.68,"9673600",""
"Tunisia",2002,2.13,1075.86,822.03,2,"2000",51.68,73,1.64,"9781900",""
"Tunisia",2003,2.12,1118.11,837.42,2.06,"2260",64.03,73.05,1.63,"9839800","0.07"
"Tunisia",2004,0,1157.42,876.22,2.02,"2650",84.07,73.3,1.54,"9932400",""
"Tunisia",2005,0,0,0,2.04,"2.88E+03",95.1,73.45,1.49,"1.00E+07","0.13"
"Macao, China",2000,3.68,0,0,0.95,"14170",135.28,79.36,0,"443537",""
"Macao, China",2001,3.78,0,0,0,"14010",225.58,0,0,"447726",""
"Macao, China",2002,4.07,0,0,0.84,"",254.85,79.84,0,"451248",""
"Macao, China",2003,4.1,0,0,0,"",264.14,0,0,"454313",""
"Macao, China",2004,0,0,0,0,"",328.08,0,0,"457212",""
"Macao, China",2005,0,0,0,0.88,"",369.44,80.28,0,"460162",""
"China",2000,2.19,992.73,889.07,1.89,"9.30E+02",17.82,70.26,1.83,"1.26E+09",""
"China",2001,2.36,1069.31,880.94,0,"1.00E+03",26.5,0,1.97,"1.27E+09",""
"China",2002,2.72,1184.22,947.23,1.88,"1.10E+03",46.16,70.66,2.1,"1.28E+09",""
"China",2003,3.22,1378.53,1072.1,1.88,"1.27E+03",61.7,0,2.08,"1.29E+09","0.07"
"China",2004,0,1585.12,1241.63,1.85,"1.50E+03",72.52,71.44,2.03,"1.30E+09",""
"China",2005,0,0,0,1.81,"1.74E+03",85.09,71.83,1.97,"1.30E+09","0.08"
"Sao Tome and Principe",2000,0.63,0,0,4.25,"",46.54,62.67,0,"139677",""
"Sao Tome and Principe",2001,0.64,0,0,0,"",63.06,0,0,"142714",""
"Sao Tome and Principe",2002,0.63,0,0,4.06,"",75.35,62.83,0,"145984",""
"Sao Tome and Principe",2003,0.61,0,0,0,"",100.38,0,0,"149430",""
"Sao Tome and Principe",2004,0,0,0,0,"",130.75,0,0,"152964",""
"Sao Tome and Principe",2005,0,0,0,3.76,"",0,63.49,0,"156523",""
"Yemen, Rep.",2000,0.81,137.43,271.74,6.47,"4.10E+02",0.84,59.29,5.02,"1.79E+07",""
"Yemen, Rep.",2001,0.88,141.2,291.47,0,"4.50E+02",0.92,0,5.71,"1.85E+07",""
"Yemen, Rep.",2002,0.85,148.47,281.65,6.2,"4.70E+02",5.24,60.34,7.45,"1.91E+07",""
"Yemen, Rep.",2003,0.87,158.25,294.79,0,"4.90E+02",6.09,0,7.33,"1.97E+07","0.2"
"Yemen, Rep.",2004,0,165.28,313.34,0,"5.60E+02",8.85,0,6.07,"2.03E+07",""
"Yemen, Rep.",2005,0,0,0,5.87,"6.60E+02",0,61.73,5.04,"2.10E+07","0.2"
"Uganda",2000,0.06,0,0,6.95,"2.60E+02",1.65,45.12,2.26,"2.43E+07",""
"Uganda",2001,0.06,0,0,6.9,"2.40E+02",2.39,0,2.13,"2.51E+07",""
"Uganda",2002,0.07,0,0,7.1,"2.30E+02",3.85,46.76,2.49,"2.60E+07",""
"Uganda",2003,0.06,0,0,0,"2.30E+02",4.65,0,2.52,"2.69E+07","6.78"
"Uganda",2004,0,0,0,0,"2.50E+02",7.19,0,2.45,"2.78E+07",""
"Uganda",2005,0,0,0,7.1,"2.80E+02",17.35,49.95,0,"2.88E+07","6.4"
"Togo",2000,0.3,97.13,386.48,5.54,"270",18.64,54.71,0,"5363751",""
"Togo",2001,0.26,95.17,363.48,0,"250",27.14,0,0,"5527167",""
"Togo",2002,0.26,84.81,394.12,5.37,"240",35.19,54.18,0,"5683530",""
"Togo",2003,0.38,93.56,445.36,0,"270",35.99,0,1.64,"5835700","3.21"
"Togo",2004,0,87,448.87,0,"310",36.9,0,1.54,"5988380",""
"Togo",2005,0,0,0,5.03,"350",48.82,55.1,1.58,"6145004","3.24"
"Seychelles",2000,6.95,0,0,2.08,"7440",73.95,72.34,1.68,"81131",""
"Seychelles",2001,7.89,0,0,1.98,"7380",110.83,0,1.79,"81202",""
"Seychelles",2002,6.48,0,0,2.01,"6840",140.22,72.95,1.68,"83700",""
"Seychelles",2003,6.59,0,0,2.1,"7480",144.93,0,1.73,"82800",""
"Seychelles",2004,0,0,0,0,"8130",239.11,0,2.28,"83642.92",""
"Seychelles",2005,0,0,0,0,"8390",248.54,0,1.74,"84494.42",""
"Sudan",2000,0.17,63.03,419.27,4.63,"3.10E+02",0.91,55.94,4.75,"3.29E+07",""
"Sudan",2001,0.19,64.55,433.89,0,"3.40E+02",4.47,0,2.9,"3.36E+07",""
"Sudan",2002,0.24,71.58,459.79,4.45,"3.80E+02",8.77,56.32,3.24,"3.42E+07",""
"Sudan",2003,0.26,81.25,475.87,0,"4.40E+02",26.88,0,2.24,"3.49E+07","1.58"
"Sudan",2004,0,92.22,496.52,0,"5.20E+02",32.09,0,0,"3.55E+07",""
"Sudan",2005,0,0,0,4.15,"6.50E+02",77.28,56.66,0,"3.62E+07","1.59"
"Micronesia, Fed. Sts.",2000,0,0,0,4.42,"2170",37.35,67.32,0,"107092",""
"Micronesia, Fed. Sts.",2001,0,0,0,0,"2080",46.55,0,0,"107403",""
"Micronesia, Fed. Sts.",2002,0,0,0,4.35,"2130",55.55,67.51,0,"108012",""
"Micronesia, Fed. Sts.",2003,0,0,0,0,"2270",91.89,0,0,"108826",""
"Micronesia, Fed. Sts.",2004,0,0,0,0,"2300",109.4,0,0,"109691",""
"Micronesia, Fed. Sts.",2005,0,0,0,3.65,"2390",126.71,68.07,0,"110487",""
"Malta",2000,5.39,4312.82,2012.82,1.72,"9590",130.77,78.2,0.65,"390000",""
"Malta",2001,5.24,4292.62,1877.86,1.72,"9890",178.12,78.44,0.7,"393000",""
"Malta",2002,5.32,4500.57,1977.52,1.46,"10000",203.08,78.39,0.69,"395950",""
"Malta",2003,6.18,4872.05,2237.83,1.46,"10660",240.9,78.65,0.7,"398600","0.13"
"Malta",2004,0,4796.91,2262.65,1.37,"12100",278.18,0,0.76,"401300",""
"Malta",2005,0,0,0,1.37,"13610",315.36,79.5,0.73,"403500","0.13"
"Cambodia",2000,0.04,0,0,4.28,"2.80E+02",0.47,55.59,3.23,"1.27E+07",""
"Cambodia",2001,0.04,0,0,0,"3.00E+02",0.77,0,2.68,"1.30E+07",""
"Cambodia",2002,0.04,0,0,4.14,"3.00E+02",2.26,55.78,2.43,"1.33E+07",""
"Cambodia",2003,0.04,0,0,0,"3.30E+02",2.59,0,2.25,"1.35E+07","1.98"
"Cambodia",2004,0,0,0,0,"3.80E+02",2.97,0,2,"1.38E+07",""
"Cambodia",2005,0,0,0,3.89,"4.30E+02",0,57.03,1.78,"1.41E+07","1.64"
"Trinidad and Tobago",2000,19.69,3938.66,7671.83,1.63,"5230",77.84,70.33,0,"1284700",""
"Trinidad and Tobago",2001,20.02,4046.66,7896.26,0,"5970",93.1,0,0,"1288965",""
"Trinidad and Tobago",2002,21.46,4033.55,8326.93,1.61,"6680",106.72,69.88,0,"1293154",""
"Trinidad and Tobago",2003,22.08,4721.44,8553.31,0,"7750",117.94,0,0,"1297275","2.57"
"Trinidad and Tobago",2004,0,4658.39,8675.12,0,"9010",122.95,0,0,"1301307",""
"Trinidad and Tobago",2005,0,0,0,1.61,"10870",0,69.97,0,"1305236","2.64"
"Zambia",2000,0.17,581.47,586.15,5.9,"2.90E+02",1.87,37.9,0.58,"1.07E+07",""
"Zambia",2001,0.18,606.43,592.58,0,"3.00E+02",2.29,0,0,"1.09E+07",""
"Zambia",2002,0.18,636.65,596.39,5.65,"3.10E+02",4.72,37.41,0,"1.11E+07","15.6"
"Zambia",2003,0.19,662.38,600.56,0,"3.50E+02",9.74,0,0,"1.13E+07","16.93"
"Zambia",2004,0,691.97,604.85,0,"4.00E+02",20.12,0,0,"1.15E+07",""
"Zambia",2005,0,0,0,5.4,"5.00E+02",0,38.41,0,"1.17E+07","16.96"
"Belgium",2000,9.97,8247.07,5743.76,1.66,"2.54E+04",292.63,77.62,1.38,"1.03E+07",""
"Belgium",2001,9.25,8266.84,5698.55,1.64,"2.39E+04",311.07,77.92,1.31,"1.03E+07",""
"Belgium",2002,8.86,8311.72,5473.82,1.62,"2.34E+04",329.04,78.03,1.25,"1.03E+07",""
"Belgium",2003,9.91,8411.94,5704.95,1.64,"2.63E+04",385.5,78.73,1.25,"1.04E+07","0.22"
"Belgium",2004,0,8576.24,5536.26,1.68,"3.16E+04",403.03,62.98,1.24,"1.04E+07",""
"Belgium",2005,0,0,0,1.72,"3.61E+04",458.07,79.48,1.24,"1.05E+07","0.27"
"Dominican Republic",2000,2.3,715.69,892.39,0,"2050",37.41,0,0.88,"8743983",""
"Dominican Republic",2001,2.27,764.15,878.55,0,"2180",44.7,0,1.02,"8889627",""
"Dominican Republic",2002,2.38,858.57,903.95,2.95,"2260",55.34,70.94,1.1,"9034837","1"
"Dominican Republic",2003,2.32,997.63,868.32,0,"1970",70.81,0,0.71,"9179758","1.17"
"Dominican Republic",2004,0,1007.01,821.05,0,"1920",85.79,0,0.53,"9324633",""
"Dominican Republic",2005,0,0,0,0,"2300",158.4,0,0.6,"9469601","1.11"
"Iran, Islamic Rep.",2000,4.6,1593.32,1863.63,2.29,"1.68E+03",9.82,69.5,5.36,"6.37E+07",""
"Iran, Islamic Rep.",2001,4.64,1683.47,1926.08,0,"1.72E+03",15.57,0,5.7,"6.45E+07",""
"Iran, Islamic Rep.",2002,5.64,1782.29,1988.24,2.12,"1.74E+03",48.34,70.25,3.82,"6.55E+07",""
"Iran, Islamic Rep.",2003,5.74,1916.09,2088.61,0,"1.97E+03",72.3,0,4.35,"6.64E+07","0.09"
"Iran, Islamic Rep.",2004,0,2035.98,2166.45,0,"2.24E+03",81.71,0,4.53,"6.73E+07",""
"Iran, Islamic Rep.",2005,0,0,0,2.07,"2.60E+03",102.56,71.13,4.46,"6.83E+07","0.15"
"St. Vincent and the Grenadines",2000,1.33,0,0,2.14,"2730",30.19,72.92,0,"115949",""
"St. Vincent and the Grenadines",2001,1.51,0,0,0,"2750",47.19,0,0,"116555",""
"St. Vincent and the Grenadines",2002,1.56,0,0,2.1,"2820",51.21,72.93,0,"117174",""
"St. Vincent and the Grenadines",2003,1.65,0,0,2.1,"2970",59.42,0,0,"117800",""
"St. Vincent and the Grenadines",2004,0,0,0,2.12,"3460",67.55,72.53,0,"118428",""
"St. Vincent and the Grenadines",2005,0,0,0,0,"3530",84,72.33,0,"119051",""
"Portugal",2000,5.84,4013.96,2473.16,1.52,"1.16E+04",164.31,76.52,1.96,"1.02E+07",""
"Portugal",2001,5.66,4147.6,2470.82,1.42,"1.13E+04",180.75,76.82,2.01,"1.03E+07",""
"Portugal",2002,6.01,4292.3,2551.71,1.42,"1.12E+04",218.67,77.07,2.04,"1.04E+07",""
"Portugal",2003,5.51,4383.18,2468.91,1.44,"1.26E+04",256.1,77.27,2.03,"1.04E+07","0.4"
"Portugal",2004,0,4525.72,2528,1.42,"1.52E+04",281,0,2.14,"1.05E+07",""
"Portugal",2005,0,0,0,1.4,"1.72E+04",278.59,78.07,2.15,"1.05E+07","0.4"
"Tanzania",2000,0.08,58.5,397.36,0,"2.70E+02",1.18,46.83,1.33,"3.38E+07",""
"Tanzania",2001,0.09,60.64,421.41,0,"2.80E+02",1.73,0,1.43,"3.47E+07",""
"Tanzania",2002,0.1,63.09,445.77,0,"2.80E+02",2.25,45.98,1.46,"3.56E+07",""
"Tanzania",2003,0.1,55.57,469.54,5.7,"3.00E+02",6.84,0,1.29,"3.66E+07","6.57"
"Tanzania",2004,0,53.67,499.87,0,"3.20E+02",8.88,0,1.08,"3.75E+07","7"
"Tanzania",2005,0,0,0,5.2,"3.40E+02",0,46.3,1.03,"3.85E+07","6.46"
"Mali",2000,0.05,0,0,7.04,"2.20E+02",1.29,47.57,2.4,"1.16E+07",""
"Mali",2001,0.05,0,0,0,"2.20E+02",1.67,0,2.27,"1.20E+07","1.8"
"Mali",2002,0.04,0,0,6.92,"2.20E+02",2.02,47.71,1.92,"1.24E+07",""
"Mali",2003,0.04,0,0,0,"2.70E+02",2.75,0,1.87,"1.27E+07","1.77"
"Mali",2004,0,0,0,0,"3.30E+02",3.81,0,1.92,"1.31E+07",""
"Mali",2005,0,0,0,6.72,"3.80E+02",4.44,48.62,1.86,"1.35E+07","1.73"
"Ecuador",2000,1.73,654.26,679.04,2.93,"1.34E+03",14.63,73.43,1.67,"1.23E+07",""
"Ecuador",2001,1.92,669.09,702.17,0,"1.38E+03",26.67,0,1.81,"1.25E+07",""
"Ecuador",2002,1.94,661.58,739.26,2.82,"1.56E+03",42.46,74.18,2.24,"1.27E+07",""
"Ecuador",2003,1.81,677.27,781.53,0,"1.92E+03",44.33,0,2.24,"1.29E+07","0.28"
"Ecuador",2004,0,687.12,773.16,0,"2.32E+03",47.9,0,2.17,"1.30E+07",""
"Ecuador",2005,0,0,0,2.67,"2.62E+03",46.56,74.67,2.41,"1.32E+07","0.29"
"Indonesia",2000,1.34,400.36,707.37,2.42,"5.90E+02",9.21,65.84,1,"2.06E+08",""
"Indonesia",2001,1.38,422.12,744.53,0,"7.40E+02",20.09,0,1,"2.09E+08",""
"Indonesia",2002,1.54,428.42,758.98,2.37,"8.10E+02",21.24,66.5,1.06,"2.12E+08",""
"Indonesia",2003,1.37,440.11,766.83,2.37,"9.20E+02",37.64,0,1.09,"2.15E+08","0.09"
"Indonesia",2004,0,478.2,799.87,2.33,"1.11E+03",51.59,0,1.1,"2.18E+08",""
"Indonesia",2005,0,0,0,2.27,"1.26E+03",72.54,67.79,0.92,"2.21E+08","0.13"
"Luxembourg",2000,18.78,15424.66,8408.68,1.76,"43490",228.31,77.87,0.63,"438000",""
"Luxembourg",2001,19.53,15278.73,8723.55,1.66,"43090",364.05,77.88,0.79,"439500",""
"Luxembourg",2002,21.25,15594.14,9111.61,1.63,"41710",372.04,78.12,0.8,"443500",""
"Luxembourg",2003,22.06,15935.21,9472.23,1.63,"44230",377.82,77.93,0.8,"449947","0.2"
"Luxembourg",2004,0,16461.62,10480.99,1.7,"58050",597.42,0,0.82,"453296.8",""
"Luxembourg",2005,0,0,0,1.7,"68810",689.72,79.18,0.93,"456709.6","0.2"
"Chile",2000,3.86,2487.96,1684.16,2.08,"4.84E+03",164.63,76.91,3.7,"1.54E+07",""
"Chile",2001,3.53,2615.17,1628.07,0,"4.60E+03",198.91,0,3.71,"1.56E+07",""
"Chile",2002,3.62,2712.09,1670.99,2,"4.32E+03",226.61,77.73,3.81,"1.58E+07",""
"Chile",2003,3.67,2879.5,1652.24,0,"4.37E+03",250.77,0,3.41,"1.60E+07","0.26"
"Chile",2004,0,3083.76,1732.34,0,"5.02E+03",266.69,0,3.79,"1.61E+07",""
"Chile",2005,0,0,0,1.97,"6.04E+03",171.83,78.15,3.67,"1.63E+07","0.28"
"Lao PDR",2000,0.19,0,0,0,"290",1.15,0,2.03,"5223970",""
"Lao PDR",2001,0.22,0,0,0,"310",1.88,0,2.07,"5315553",""
"Lao PDR",2002,0.23,0,0,3.59,"330",2.78,61.85,0,"5402422",""
"Lao PDR",2003,0.23,0,0,0,"350",3.46,0,0,"5487227","0.06"
"Lao PDR",2004,0,0,0,0,"420",3.75,0,0,"5573531",""
"Lao PDR",2005,0,0,0,0,"450",4.41,0,0,"5663910","0.12"
"Bahrain",2000,27.74,8541.57,9278.16,2.58,"10390",59.52,73.91,4.04,"672008",""
"Bahrain",2001,26.38,9056.69,9433.38,0,"10920",146.01,0,4.23,"684908",""
"Bahrain",2002,30.59,9677.68,9864.48,2.47,"11350",176.45,74.32,3.96,"695931",""
"Bahrain",2003,30.99,10575.72,10252.71,0,"12630",212.51,0,4.82,"705862","0.2"
"Bahrain",2004,0,10857.48,10469.11,0,"14370",213.35,0,4.34,"715820",""
"Bahrain",2005,0,0,0,2.34,"",213.32,74.86,0,"726617","0.2"
"Fiji",2000,1.06,0,0,3.03,"2190",14.8,67.42,2.07,"810736",""
"Fiji",2001,1.36,0,0,0,"2070",18.32,0,2.33,"818656",""
"Fiji",2002,1.35,0,0,2.92,"2090",60.51,67.79,1.81,"826303",""
"Fiji",2003,1.34,0,0,0,"2290",65.97,0,1.69,"833683","0.08"
"Fiji",2004,0,0,0,0,"2820",72.55,0,1.23,"840814",""
"Fiji",2005,0,0,0,2.79,"3170",76.68,68.33,0,"847706","0.11"
"Sierra Leone",2000,0.12,0,0,6.5,"140",1.11,40.21,4.13,"4508987",""
"Sierra Leone",2001,0.13,0,0,0,"160",1.49,0,2.37,"4682648",""
"Sierra Leone",2002,0.13,0,0,6.5,"190",1.64,40.6,1.7,"4892425",""
"Sierra Leone",2003,0.13,0,0,0,"200",1.76,0,1.75,"5119179","1.57"
"Sierra Leone",2004,0,0,0,0,"210",1.87,0,1.22,"5336449",""
"Sierra Leone",2005,0,0,0,6.48,"220",0,41.36,1.12,"5525478","1.56"
"Samoa",2000,0.78,0,0,4.25,"1350",5.63,69.08,0,"177475",""
"Samoa",2001,0.8,0,0,0,"1370",16.74,0,0,"179206",""
"Samoa",2002,0.79,0,0,4,"1390",22.12,69.43,0,"180842",""
"Samoa",2003,0.82,0,0,4,"1500",27.42,0,0,"182361",""
"Samoa",2004,0,0,0,3.98,"1760",29.93,0,0,"183746",""
"Samoa",2005,0,0,0,0,"2020",32.44,70.74,0,"184984",""
"West Bank and Gaza",2000,0,0,0,5.14,"1580",11.8,72.12,0,"2966000",""
"West Bank and Gaza",2001,0,0,0,0,"1220",19.38,0,0,"3096000",""
"West Bank and Gaza",2002,0,0,0,4.9,"1020",32.5,72.74,0,"3231000",""
"West Bank and Gaza",2003,0,0,0,4.8,"1060",43.07,0,0,"3366702",""
"West Bank and Gaza",2004,0,0,0,4.7,"1130",45.61,73.17,0,"3508104",""
"West Bank and Gaza",2005,0,0,0,4.6,"1230",67.02,73.39,0,"3626000",""
"Oman",2000,8.98,3089.27,3959.87,4.31,"6610",36.86,73.56,10.58,"2442000",""
"Oman",2001,9.88,3312.24,4344.43,0,"7610",48.55,0,12.16,"2471440",""
"Oman",2002,12.15,3427.02,4712.86,3.78,"7930",72.22,74.12,12.27,"2492542",""
"Oman",2003,12.84,3505.23,4975.26,0,"8130",83.64,0,12.16,"2510822","0.2"
"Oman",2004,0,3836.07,4667.22,0,"9070",96.69,0,12.25,"2533843",""
"Oman",2005,0,0,0,3.44,"",111.03,74.76,0,"2566981","0.2"
"Turkey",2000,3.29,1550.28,1142.49,2.57,"2.98E+03",37.08,70.39,5.02,"6.74E+07",""
"Turkey",2001,2.91,1510.92,1036.19,2.52,"2.42E+03",51.07,70.54,4.96,"6.85E+07",""
"Turkey",2002,2.99,1560.06,1080.06,2.46,"2.51E+03",61.76,70.74,4.36,"6.96E+07",""
"Turkey",2003,3.11,1656,1114.28,2.2,"2.80E+03",84.85,70.94,3.77,"7.07E+07","0.2"
"Turkey",2004,0,1781.79,1151.16,2.21,"3.78E+03",143.64,71.14,3.11,"7.11E+07",""
"Turkey",2005,0,0,0,2.19,"4.75E+03",222.02,71.29,3.23,"7.21E+07","0.2"
"Niger",2000,0.1,0,0,8,"1.60E+02",0.34,43.6,1.12,"1.18E+07",""
"Niger",2001,0.1,0,0,0,"1.60E+02",0.98,0,1.28,"1.22E+07",""
"Niger",2002,0.1,0,0,7.91,"1.60E+02",1.19,44.23,0.95,"1.26E+07",""
"Niger",2003,0.09,0,0,0,"1.80E+02",1.46,0,0.9,"1.31E+07","1.12"
"Niger",2004,0,0,0,0,"2.10E+02",1.78,0,1.11,"1.35E+07",""
"Niger",2005,0,0,0,7.67,"2.40E+02",2.08,44.93,0,"1.40E+07","1.1"
"Netherlands Antilles",2000,18.7,5561.88,7907.32,2.16,"",0,75.71,0,"175660",""
"Netherlands Antilles",2001,18.92,5308.04,8368.84,0,"",0,0,0,"175771",""
"Netherlands Antilles",2002,19.15,5289.6,8375.2,2.12,"",0,75.93,0,"176951",""
"Netherlands Antilles",2003,22.65,5250.74,9209.76,0,"",0,0,0,"178832",""
"Netherlands Antilles",2004,0,5208.16,9498.54,0,"",0,0,0,"180870",""
"Netherlands Antilles",2005,0,0,0,2.07,"",0,76.39,0,"182656",""
"Czech Republic",2000,11.56,5693.69,3932.04,1.14,"5.79E+03",97.34,74.97,1.82,"1.03E+07",""
"Czech Republic",2001,11.61,5887.91,4050.47,1.14,"5.75E+03",146.71,75.21,1.91,"1.02E+07",""
"Czech Republic",2002,11.2,5891.87,4113.71,1.17,"6.01E+03",254.89,75.32,1.92,"1.02E+07",""
"Czech Republic",2003,11.4,6070.08,4334.54,1.18,"7.31E+03",234.76,75.32,2.02,"1.02E+07","0.1"
"Czech Republic",2004,0,6224.4,4460.4,1.23,"9.21E+03",252.38,75.72,1.82,"1.02E+07",""
"Czech Republic",2005,0,0,0,1.28,"1.12E+04",269.49,75.91,1.78,"1.02E+07","0.1"
"Guam",2000,26.19,0,0,3.05,"",160.89,74.26,0,"155383",""
"Guam",2001,25.88,0,0,0,"",253.25,0,0,"157948",""
"Guam",2002,25.42,0,0,2.95,"",310.97,74.65,0,"160786",""
"Guam",2003,24.91,0,0,0,"",335.81,0,0,"163783",""
"Guam",2004,0,0,0,0,"",359.77,0,0,"166773",""
"Guam",2005,0,0,0,2.78,"",383.18,75.18,0,"169635",""
"Chad",2000,0.02,0,0,6.47,"180",0.37,44.03,1.54,"8215517",""
"Chad",2001,0.01,0,0,0,"190",0.47,0,1.45,"8505192",""
"Chad",2002,0.01,0,0,6.36,"200",1.7,43.61,1.39,"8814445",""
"Chad",2003,0.01,0,0,6.3,"220",3.28,0,1.43,"9133294","3.44"
"Chad",2004,0,0,0,6.39,"340",3.7,0,1.02,"9447944",""
"Chad",2005,0,0,0,6.3,"430",4.1,44.02,0.84,"9748931","3.52"
"Mozambique",2000,0.07,59.74,402.17,5.67,"2.10E+02",1.12,42.64,1.44,"1.79E+07",""
"Mozambique",2001,0.07,268.91,420.36,0,"2.10E+02",1.64,0,1.37,"1.83E+07",""
"Mozambique",2002,0.08,342.41,431.72,5.51,"2.10E+02",2.68,41.87,1.31,"1.87E+07",""
"Mozambique",2003,0.08,365.42,435.8,0,"2.30E+02",4.36,0,1.25,"1.91E+07","16.02"
"Mozambique",2004,0,366.92,441.26,0,"2.70E+02",7.1,0,1.33,"1.94E+07",""
"Mozambique",2005,0,0,0,5.3,"3.10E+02",0,41.81,1.32,"1.98E+07","16.11"
"Benin",2000,0.22,55.44,279.42,6.02,"340",2.08,53.68,0,"7196955",""
"Benin",2001,0.23,58.58,283.21,0,"330",3.37,0,0,"7425465",""
"Benin",2002,0.26,64.95,296.86,5.87,"330",6.52,53.73,0,"7666962",""
"Benin",2003,0.26,61.37,301.43,0,"380",8.84,0,0,"7918892","2.04"
"Benin",2004,0,66.65,302.67,0,"450",12.23,0,0,"8177208",""
"Benin",2005,0,0,0,5.6,"510",50.36,54.99,0,"8438853","1.79"
"Romania",2000,3.84,1987.66,1616.45,1.31,"1.69E+03",35.65,71.07,2.53,"2.24E+07",""
"Romania",2001,4.14,2066.78,1682.95,1.27,"1.75E+03",45.18,71.16,2.45,"2.21E+07",""
"Romania",2002,4.02,2072.87,1722.92,1.26,"1.93E+03",100.9,71.11,2.3,"2.18E+07",""
"Romania",2003,4.19,2220.68,1794.17,1.27,"2.29E+03",183.98,71.46,2.1,"2.17E+07",""
"Romania",2004,0,2270.89,1778.43,1.29,"2.95E+03",207.52,71.31,2.03,"2.17E+07",""
"Romania",2005,0,0,0,1.32,"3.83E+03",0,71.71,2.11,"2.16E+07","0.1"
"Algeria",2000,5.43,696.28,960.24,2.67,"1.61E+03",4.92,70.22,3.43,"3.05E+07",""
"Algeria",2001,5.22,721.42,951.41,0,"1.69E+03",6.47,0,3.51,"3.09E+07",""
"Algeria",2002,5.28,741.81,987.58,2.53,"1.75E+03",15.93,70.94,3.67,"3.14E+07",""
"Algeria",2003,5.14,796.25,1037.73,0,"1.95E+03",21.97,0,3.24,"3.19E+07","0.05"
"Algeria",2004,0,812.42,1016.61,0,"2.29E+03",46.36,0,3.3,"3.24E+07",""
"Algeria",2005,0,0,0,2.44,"2.72E+03",58.44,71.73,2.82,"3.29E+07","0.09"
"Madagascar",2000,0.14,0,0,5.61,"2.40E+02",1.85,54.79,1.22,"1.62E+07",""
"Madagascar",2001,0.14,0,0,0,"2.50E+02",2.1,0,1.44,"1.67E+07",""
"Madagascar",2002,0.13,0,0,5.4,"2.20E+02",3.21,55.31,0,"1.71E+07",""
"Madagascar",2003,0.13,0,0,5.2,"2.80E+02",4,0,0,"1.76E+07","0.45"
"Madagascar",2004,0,0,0,5.12,"2.90E+02",4.97,0,0,"1.81E+07",""
"Madagascar",2005,0,0,0,5.04,"2.90E+02",5.37,55.82,0,"1.86E+07","0.51"
"United States",2000,20.52,13667.43,8164.4,2.06,"3.44E+04",439.37,77.03,3.09,"2.82E+08",""
"United States",2001,20.14,13029.89,7915.89,2.03,"3.48E+04",500.57,77.03,3.1,"2.85E+08",""
"United States",2002,20.09,13125.88,7936,2.01,"3.52E+04",551.38,77.24,3.42,"2.88E+08",""
"United States",2003,19.9,13255.28,7843.2,0,"3.76E+04",555.8,77.14,3.8,"2.91E+08","0.6"
"United States",2004,0,13351.07,7920.46,2.05,"4.11E+04",629.99,77.43,3.98,"2.94E+08",""
"United States",2005,0,0,0,2.05,"4.36E+04",0,77.71,4.08,"2.96E+08","0.6"
"Belize",2000,2.76,0,0,3.4,"3090",60.05,72.21,0,"249800",""
"Belize",2001,2.76,0,0,0,"3070",69.96,0,0,"257300",""
"Belize",2002,2.8,0,0,3.2,"3160",94.27,71.94,0,"265200",""
"Belize",2003,2.85,0,0,0,"3410",109.61,0,0,"273700","2.09"
"Belize",2004,0,0,0,0,"3520",123.85,0,0,"282600",""
"Belize",2005,0,0,0,2.97,"3570",130.23,71.81,0,"291800","2.49"
"Comoros",2000,0.16,0,0,4.27,"400",2.78,60.73,0,"540327.4",""
"Comoros",2001,0.15,0,0,0,"400",4.53,0,0,"551857.1",""
"Comoros",2002,0.14,0,0,4.05,"400",5.68,61.37,0,"563632.9",""
"Comoros",2003,0.15,0,0,4.05,"470",8.69,0,0,"575660","0.1"
"Comoros",2004,0,0,0,4.11,"550",13.61,62.87,0,"587943.7",""
"Comoros",2005,0,0,0,3.76,"650",33.31,62.64,0,"600489.6","0.1"
"Saudi Arabia",2000,13.15,5665.83,5482.15,4.4,"8.14E+03",22.26,71.38,10.59,"2.07E+07",""
"Saudi Arabia",2001,13.36,5969.79,5662.68,0,"8.48E+03",48.11,0,11.49,"2.11E+07",""
"Saudi Arabia",2002,13.34,6109.9,5824.38,4.09,"8.56E+03",65.72,71.8,9.81,"2.16E+07",""
"Saudi Arabia",2003,13.71,6619.94,5904.02,4.09,"9.40E+03",68.01,0,8.74,"2.21E+07","0.2"
"Saudi Arabia",2004,0,6570.63,6232.45,3.96,"1.08E+04",70.4,0,8.35,"2.25E+07",""
"Saudi Arabia",2005,0,0,0,3.83,"1.25E+04",0,72.56,8.2,"2.31E+07","0.2"
"Macedonia, FYR",2000,5.67,2932.05,1348.58,1.76,"1850",24.88,72.89,1.95,"2009514",""
"Macedonia, FYR",2001,5.64,2837.64,1293.58,0,"1710",34.72,0,6.58,"2016113",""
"Macedonia, FYR",2002,5.13,2792.2,1283.57,1.75,"1730",49.46,73.21,2.8,"2021706",""
"Macedonia, FYR",2003,5.19,3150.37,1313.64,1.75,"1990",62.18,73.33,2.5,"2026430","0.1"
"Macedonia, FYR",2004,0,3183.47,1327.76,1.67,"2440",78.31,73.57,2.52,"2030491",""
"Macedonia, FYR",2005,0,0,0,1.6,"2830",78.61,73.84,2.2,"2034060","0.1"
"East Asia & Pacific",2000,2,885.36,846.76,2.08,"9.07E+02",18.82,69.11,1.68,"1.80E+09",""
"East Asia & Pacific",2001,2.13,948.86,847.74,0,"9.77E+02",27.98,0,1.82,"1.82E+09",""
"East Asia & Pacific",2002,2.41,1037.75,899.66,2.06,"1.06E+03",44.92,69.55,1.92,"1.84E+09",""
"East Asia & Pacific",2003,2.75,1184.76,993.3,0,"1.20E+03",59.97,0,1.92,"1.85E+09","0.19"
"East Asia & Pacific",2004,0,1343.47,1123.93,0,"1.41E+03",72.26,0,1.85,"1.87E+09",""
"East Asia & Pacific",2005,0,0,0,1.98,"1.63E+03",88.65,70.68,1.78,"1.89E+09","0.2"
"Paraguay",2000,0.69,880.24,722.75,3.99,"1350",7.48,70.35,1.15,"5346267",""
"Paraguay",2001,0.7,865.95,719.52,0,"1270",11,0,1.07,"5456418",""
"Paraguay",2002,0.72,875.54,701.47,3.87,"1080",17.96,70.8,1.03,"5566852",""
"Paraguay",2003,0.73,829.25,702.6,0,"950",21.14,0,0.97,"5677448","0.35"
"Paraguay",2004,0,816.16,694.36,0,"1000",34.55,0,0.75,"5788088",""
"Paraguay",2005,0,0,0,3.67,"1130",33.91,71.45,0.75,"5898651","0.38"
"Ireland",2000,10.91,5795.71,3753.88,1.89,"23120",178.43,76.44,0.7,"3805400",""
"Ireland",2001,11.25,5896.62,3931.25,1.94,"23030",231.48,77.14,0.71,"3866450",""
"Ireland",2002,10.81,6035.91,3909.41,1.97,"23600",280.28,77.69,0.64,"3931800",""
"Ireland",2003,10.35,6093.8,3772.05,1.98,"28430",315.34,78.19,0.63,"3995700","0.23"
"Ireland",2004,0,6169.18,3737.54,1.99,"35010",294.46,0,0.62,"4068450",""
"Ireland",2005,0,0,0,1.88,"41140",275.71,79.39,0.57,"4159100","0.23"
"Russian Federation",2000,9.87,5208.85,4196.41,1.21,"1.71E+03",19.82,65.34,3.71,"1.46E+08",""
"Russian Federation",2001,9.86,5275.34,4256.99,0,"1.78E+03",29.46,65.49,4.09,"1.46E+08",""
"Russian Federation",2002,9.84,5304.66,4251.95,1.28,"2.10E+03",41.29,65.09,4.34,"1.45E+08",""
"Russian Federation",2003,10.33,5479.99,4423.81,1.28,"2.59E+03",82.99,65.01,4.29,"1.45E+08","0.88"
"Russian Federation",2004,0,5642.37,4459.74,1.34,"3.42E+03",128.61,65.42,3.85,"1.44E+08",""
"Russian Federation",2005,0,0,0,1.29,"4.47E+03",152.33,65.47,3.74,"1.43E+08","1.09"
"Colombia",2000,1.39,803.67,679.08,2.69,"2.08E+03",21.06,71.57,3.39,"4.17E+07",""
"Colombia",2001,1.32,793.71,667.3,0,"1.95E+03",27.25,0,3.83,"4.24E+07",""
"Colombia",2002,1.24,834.37,632.69,2.62,"1.86E+03",46.49,72.17,3.64,"4.30E+07",""
"Colombia",2003,1.27,844.84,644.91,2.4,"1.86E+03",70.62,0,3.86,"4.37E+07","0.54"
"Colombia",2004,0,877.78,624.63,2.4,"2.05E+03",87.23,0,3.8,"4.43E+07",""
"Colombia",2005,0,0,0,2.4,"2.34E+03",105.43,72.81,3.71,"4.49E+07","0.61"
"Switzerland",2000,5.46,7841.77,3641.17,1.5,"40110",291.75,79.68,1.08,"7184222",""
"Switzerland",2001,5.96,8028.98,3828.04,1.41,"37530",387.29,80.09,1.06,"7229808",""
"Switzerland",2002,5.59,7994.57,3675.38,1.4,"36280",411.82,80.3,1.04,"7284695",""
"Switzerland",2003,5.5,8192.99,3661.28,1.41,"41930",449.66,80.49,1.02,"7338958","0.43"
"Switzerland",2004,0,8203.98,3671.79,1.42,"49860",473.64,81.09,0.98,"7389581",""
"Switzerland",2005,0,0,0,1.42,"55320",497.51,81.24,0.96,"7437100","0.4"
"Korea, Rep.",2000,9.09,5270.22,4060.85,1.47,"9.80E+03",405.04,75.86,2.5,"4.70E+07",""
"Korea, Rep.",2001,9.18,5606.24,4092.01,1.3,"1.06E+04",514.85,76.34,2.49,"4.74E+07",""
"Korea, Rep.",2002,9.35,6689.7,4239.66,1.17,"1.13E+04",551.72,76.82,2.44,"4.76E+07",""
"Korea, Rep.",2003,9.53,7018.34,4311.4,1.19,"1.21E+04",610.67,77.26,2.44,"4.78E+07","0.1"
"Korea, Rep.",2004,0,7390.89,4430.85,1.16,"1.40E+04",656.79,77.47,2.43,"4.81E+07",""
"Korea, Rep.",2005,0,0,0,1.08,"1.59E+04",683.52,77.57,2.57,"4.83E+07","0.1"
"Vanuatu",2000,0.42,0,0,4.33,"1240",20.89,67.74,0,"191457",""
"Vanuatu",2001,0.43,0,0,0,"1210",28.16,0,0,"195341",""
"Vanuatu",2002,0.42,0,0,4.15,"1060",35.12,68.52,0,"199293",""
"Vanuatu",2003,0.43,0,0,0,"1170",36.89,0,0,"203299",""
"Vanuatu",2004,0,0,0,0,"1410",36.17,0,0,"207331",""
"Vanuatu",2005,0,0,0,3.87,"1620",37.85,69.49,0,"211367",""
"Malaysia",2000,5.49,2774.08,2122.78,3.06,"3.43E+03",216.42,72.63,1.7,"2.30E+07",""
"Malaysia",2001,5.78,2944.24,2191.98,0,"3.46E+03",270.16,0,2.2,"2.35E+07",""
"Malaysia",2002,5.89,2968.26,2188.4,2.93,"3.60E+03",327.15,73.07,2.35,"2.40E+07",""
"Malaysia",2003,6.4,3060.54,2318.43,0,"3.95E+03",353.69,0,2.77,"2.44E+07","0.41"
"Malaysia",2004,0,3165.52,2279.02,0,"4.53E+03",396.83,0,2.31,"2.49E+07",""
"Malaysia",2005,0,0,0,2.74,"4.97E+03",434.6,73.7,1.9,"2.53E+07","0.47"
"Aruba",2000,0,0,0,0,"",0,0,0,"",""
"Aruba",2001,0,0,0,0,"",0,0,0,"",""
"Aruba",2002,0,0,0,0,"",0,0,0,"",""
"Aruba",2003,21.76,0,0,0,"",0,0,0,"99000",""
"Aruba",2004,0,0,0,0,"",0,0,0,"99000",""
"Aruba",2005,0,0,0,0,"",0,0,0,"100300",""
"St. Kitts and Nevis",2000,2.32,0,0,2.22,"6490",60.97,70.82,0,"44286",""
"St. Kitts and Nevis",2001,2.22,0,0,0,"6330",78.07,0,0,"46111",""
"St. Kitts and Nevis",2002,2.43,0,0,2.11,"6380",214.09,71.34,0,"46710",""
"St. Kitts and Nevis",2003,2.67,0,0,0,"6820",0,0,0,"46710",""
"St. Kitts and Nevis",2004,0,0,0,0,"7840",0,0,0,"46984.81",""
"St. Kitts and Nevis",2005,0,0,0,0,"8250",0,0,0,"48000",""
"Albania",2000,0.7,1197.67,550.33,2.34,"1180",1.14,74.72,1.23,"3061775",""
"Albania",2001,0.76,1159.03,559.29,0,"1340",3.26,0,1.3,"3066367",""
"Albania",2002,0.83,1460.2,631.65,2.29,"1400",3.9,75.02,1.32,"3077664",""
"Albania",2003,0.98,1310.73,673.63,0,"1650",9.7,0,1.36,"3093700","0.2"
"Albania",2004,0,1199.98,760.03,1.79,"2090",24.1,0,1.26,"3111720",""
"Albania",2005,0,0,0,1.78,"2580",60.07,75.48,1.41,"3129678","0.2"
"South Africa",2000,7.41,4416.57,2565.8,2.89,"3.05E+03",54.55,47.81,1.42,"4.40E+07",""
"South Africa",2001,7.41,4374.97,2593.23,2.86,"2.83E+03",64.49,0,1.52,"4.48E+07",""
"South Africa",2002,7.85,4548.42,2511.04,2.84,"2.64E+03",68.4,46.48,1.55,"4.53E+07","15.6"
"South Africa",2003,7.94,4755.82,2658.11,2.82,"2.87E+03",72.54,45.53,1.55,"4.58E+07","18.61"
"South Africa",2004,0,4884.79,2828.64,2.8,"3.63E+03",76.92,44.61,1.4,"4.64E+07",""
"South Africa",2005,0,0,0,2.78,"4.82E+03",108.77,47.66,1.41,"4.69E+07","18.78"
"South Asia",2000,0.97,361.89,460.46,3.31,"4.44E+02",4.58,62.61,3.07,"1.35E+09",""
"South Asia",2001,0.96,364.32,460.91,0,"4.55E+02",5.86,0,3.02,"1.37E+09",""
"South Asia",2002,0.99,376.12,464.53,3.16,"4.59E+02",12.93,63.13,2.94,"1.40E+09",""
"South Asia",2003,1.01,393.48,471.3,0,"5.14E+02",19.08,0,2.81,"1.42E+09","0.7"
"South Asia",2004,0,413.8,485.87,0,"6.00E+02",31.64,0,2.92,"1.45E+09",""
"South Asia",2005,0,0,0,3.06,"6.93E+02",49,63.48,2.81,"1.47E+09","0.72"
"St. Lucia",2000,2.07,0,0,2,"4140",51.28,71.11,0,"155996",""
"St. Lucia",2001,1.97,0,0,0,"3860",82.27,73.95,0,"158018",""
"St. Lucia",2002,1.91,0,0,2.1,"3980",0,73.71,0,"159133",""
"St. Lucia",2003,2.03,0,0,0,"4170",211.68,0,0,"160620",""
"St. Lucia",2004,0,0,0,2.08,"4580",338.6,0,0,"162434",""
"St. Lucia",2005,0,0,0,2.07,"4920",0,74.17,0,"164791",""
"Upper middle income",2000,5.18,2865.55,2125.49,2.12,"3588.89",47.15,69.07,1.96,"7.74E+08",""
"Upper middle income",2001,5.16,2858.59,2134.93,0,"3477.53",65.54,0,2.05,"7.81E+08",""
"Upper middle income",2002,5.14,2888.66,2129.39,2.07,"3399.41",94.48,69.32,2.15,"7.86E+08",""
"Upper middle income",2003,5.28,2980.3,2182.04,0,"3624.69",119.1,0,2.1,"7.93E+08","1.6"
"Upper middle income",2004,0,3069.54,2221.38,0,"4255.53",149.06,0,1.96,"7.98E+08",""
"Upper middle income",2005,0,0,0,2.01,"5053.28",194.02,70.01,1.89,"8.04E+08","1.6"
"Lower middle income",2000,2.24,966.59,916.83,2.24,"1.05E+03",15.96,69.12,2.12,"2.15E+09",""
"Lower middle income",2001,2.35,1021.95,918.82,0,"1.11E+03",24.41,0,2.24,"2.17E+09",""
"Lower middle income",2002,2.61,1102.17,965.82,2.21,"1.18E+03",41.2,69.55,2.17,"2.20E+09",""
"Lower middle income",2003,2.88,1232.56,1048.47,0,"1.33E+03",56.45,0,2.18,"2.22E+09","0.28"
"Lower middle income",2004,0,1373.64,1159.34,0,"1.55E+03",69.09,0,2.16,"2.24E+09",""
"Lower middle income",2005,0,0,0,2.14,"1.78E+03",85.76,70.56,2.08,"2.26E+09","0.3"
"San Marino",2000,0,0,0,0,"",0,0,0,"",""
"San Marino",2001,0,0,0,0,"",0,0,0,"",""
"San Marino",2002,0,0,0,0,"",0,0,0,"",""
"San Marino",2003,0,0,0,0,"",0,0,0,"",""
"San Marino",2004,0,0,0,0,"",535.71,0,0,"28000",""
"San Marino",2005,0,0,0,0,"",0,0,0,"28200",""
"Austria",2000,7.57,7107.48,3616.27,1.36,"26010",337.01,78.04,0.83,"8011561",""
"Austria",2001,8,7373.23,3815.73,1.33,"24500",391.64,78.53,0.77,"8043016",""
"Austria",2002,8.06,7434.77,3847.15,1.4,"24130",413.18,78.69,0.75,"8083640",""
"Austria",2003,8.66,7729.06,4069.33,1.38,"27180",459.48,78.69,0.78,"8117800","0.29"
"Austria",2004,0,7850.07,4059.84,1.42,"32590",477.08,79.22,0.76,"8174700",""
"Austria",2005,0,0,0,1.41,"37190",485.83,79.38,0.74,"8233300","0.29"
"American Samoa",2000,0,0,0,0,"",0,0,0,"",""
"American Samoa",2001,0,0,0,0,"",0,0,0,"",""
"American Samoa",2002,0,0,0,0,"",0,0,0,"",""
"American Samoa",2003,5.14,0,0,0,"",0,0,0,"57000",""
"American Samoa",2004,0,0,0,0,"",0,0,0,"57000",""
"American Samoa",2005,0,0,0,0,"",0,0,0,"58300",""
"Monaco",2000,0,0,0,0,"",0,0,0,"",""
"Monaco",2001,0,0,0,0,"",0,0,0,"",""
"Monaco",2002,0,0,0,0,"",0,0,0,"",""
"Monaco",2003,0,0,0,0,"",0,0,0,"32300",""
"Monaco",2004,0,0,0,0,"",0,0,0,"32400",""
"Monaco",2005,0,0,0,0,"",0,0,0,"32500",""
"Mauritania",2000,0.94,0,0,5.87,"460",1.89,51.66,1.63,"2644513",""
"Mauritania",2001,0.93,0,0,0,"410",2.57,0,1.53,"2724097",""
"Mauritania",2002,0.88,0,0,5.79,"440",3.56,52.46,1.57,"2807142",""
"Mauritania",2003,0.86,0,0,0,"450",4.15,0,1.42,"2892898","0.68"
"Mauritania",2004,0,0,0,0,"510",4.7,0,1.21,"2980357",""
"Mauritania",2005,0,0,0,5.59,"580",6.52,53.66,0.97,"3068742","0.68"
"Hungary",2000,5.3,3309.28,2449.62,1.32,"4620",70.02,71.25,1.67,"1.02E+07",""
"Hungary",2001,5.52,3426.62,2495.29,1.31,"4800",145.27,72.2,1.78,"1.02E+07",""
"Hungary",2002,5.51,3545.07,2541,1.3,"5290",157.5,72.35,1.63,"1.02E+07",""
"Hungary",2003,5.75,3637.28,2600.41,1.27,"6600",236.93,72.45,1.66,"1.01E+07","0.06"
"Hungary",2004,0,3680.19,2607.57,1.28,"8540",267.14,72.65,1.5,"1.01E+07",""
"Hungary",2005,0,0,0,1.32,"10210",297.41,72.65,1.31,"1.01E+07","0.06"
"Bermuda",2000,7.43,0,0,1.74,"",434.57,77.86,0,"62131",""
"Bermuda",2001,7.39,0,0,0,"",480.31,0,0,"62460",""
"Bermuda",2002,7.94,0,0,1.74,"",0,78.15,0,"62750",""
"Bermuda",2003,7.9,0,0,0,"",571.07,0,0,"63040",""
"Bermuda",2004,0,0,0,0,"",615.92,0,0,"63320",""
"Bermuda",2005,0,0,0,1.75,"",660.69,78.58,0,"63570",""
"Congo, Dem. Rep.",2000,0.03,90.25,294.89,6.7,"80",0.06,42.44,0.98,"5.01E+07",""
"Congo, Dem. Rep.",2001,0.03,86.3,295,0,"80",0.12,0,0,"5.13E+07",""
"Congo, Dem. Rep.",2002,0.03,87.16,295.7,6.7,"90",0.95,43.08,0,"5.27E+07",""
"Congo, Dem. Rep.",2003,0.03,89.75,296.2,0,"100",1.38,0,2.09,"5.42E+07","3.21"
"Congo, Dem. Rep.",2004,0,92.94,296.48,0,"110",2.01,0,3,"5.59E+07",""
"Congo, Dem. Rep.",2005,0,0,0,6.7,"120",2.44,44.03,2.11,"5.75E+07","3.23"
"Mauritius",2000,2.33,0,0,1.99,"3.74E+03",73.3,71.66,0.22,"1186873",""
"Mauritius",2001,2.47,0,0,1.91,"3.86E+03",88.34,71.77,0.21,"1199881",""
"Mauritius",2002,2.46,0,0,1.96,"3.82E+03",103.29,71.97,0.21,"1210196",""
"Mauritius",2003,2.57,0,0,1.97,"4.09E+03",122.67,0,0.2,"1222811","0.22"
"Mauritius",2004,0,0,0,1.98,"4.67E+03",145.94,0,0.19,"1233386",""
"Mauritius",2005,0,0,0,1.98,"5.25E+03",0,73.02,0.2,"1243253","0.55"
"Argentina",2000,3.72,2087.42,1678.79,2.46,"7470",70.47,73.84,1.32,"3.69E+07",""
"Argentina",2001,3.37,2120.65,1573.81,0,"7000",97.92,0,1.35,"3.73E+07",""
"Argentina",2002,3.18,2016.65,1489.55,2.35,"4050",108.92,74.26,1.21,"3.76E+07",""
"Argentina",2003,3.35,2185.49,1574.81,0,"3670",119.19,0,1.18,"3.80E+07","0.57"
"Argentina",2004,0,2300.77,1660.48,0,"3580",160.37,0,1.07,"3.84E+07",""
"Argentina",2005,0,0,0,2.29,"4460",177.13,74.83,0.97,"3.87E+07","0.61"
"Poland",2000,7.82,3239.65,2324.69,1.34,"4.57E+03",72.81,73.75,1.85,"3.85E+07",""
"Poland",2001,7.9,3259.78,2353.09,1.29,"4.65E+03",99.34,74.2,1.91,"3.83E+07",""
"Poland",2002,7.72,3208.25,2331.32,1.24,"4.82E+03",232.27,74.5,1.91,"3.82E+07",""
"Poland",2003,7.97,3325.22,2393.92,1.22,"5.44E+03",234.84,74.6,2,"3.82E+07","0.12"
"Poland",2004,0,3418.14,2402.74,1.23,"6.15E+03",235.71,74.49,1.92,"3.82E+07",""
"Poland",2005,0,0,0,1.24,"7.15E+03",262.02,75,1.79,"3.82E+07","0.12"
"Georgia",2000,0.96,1359.94,613.34,1.52,"7.00E+02",4.87,70.31,0.62,"4720061",""
"Georgia",2001,0.8,1362.4,555.93,0,"6.80E+02",9.97,0,0.74,"4666032",""
"Georgia",2002,0.73,1425.61,558.93,1.48,"7.30E+02",15.93,70.32,1,"4614154",""
"Georgia",2003,0.82,1514.9,600.7,0,"8.60E+02",25.64,0,1.07,"4564661","0.11"
"Georgia",2004,0,1577.25,625.94,1.44,"1.05E+03",38.87,0,1.37,"4517981",""
"Georgia",2005,0,0,0,1.39,"1.30E+03",0,71.31,3.14,"4474404","0.22"
"Bulgaria",2000,5.25,3723.82,2319.6,1.3,"1600",53.35,71.66,2.53,"8060000",""
"Bulgaria",2001,5.63,3907.46,2472.95,1.24,"1720",76.49,71.77,2.71,"7910000",""
"Bulgaria",2002,5.31,3838.23,2430.55,1.21,"1870",80.06,71.87,2.65,"7869000",""
"Bulgaria",2003,5.62,3973.54,2511.57,1.23,"2230",0,72.07,2.58,"7823000",""
"Bulgaria",2004,0,3939.08,2434.26,1.29,"2870",158.59,72.36,2.4,"7781000",""
"Bulgaria",2005,0,0,0,1.31,"3510",205.65,72.56,2.35,"7740000","0.1"
"Germany",2000,9.7,6680.23,4179.81,1.38,"25510",301.67,77.93,1.48,"8.22E+07",""
"Germany",2001,10,6852.96,4293.19,1.35,"24020",315.79,78.33,1.45,"8.23E+07",""
"Germany",2002,9.69,6739.79,4184.46,1.31,"23020",339.36,78.23,1.45,"8.25E+07",""
"Germany",2003,9.75,6898.27,4205.27,1.34,"25620",399.8,78.48,1.44,"8.25E+07","0.11"
"Germany",2004,0,7028.66,4217.79,1.37,"30840",426.58,78.48,1.38,"8.25E+07",""
"Germany",2005,0,0,0,1.36,"34870",454.71,78.93,1.35,"8.25E+07","0.12"
"Norway",2000,7.41,24993.54,5743.04,1.85,"3.57E+04",267.2,78.6,1.75,"4491000",""
"Norway",2001,8.13,25594.95,5861.07,1.78,"3.71E+04",292.36,78.81,1.75,"4513000",""
"Norway",2002,12.55,24617.23,5526,1.75,"3.89E+04",308.2,78.92,2.14,"4538000",""
"Norway",2003,9.86,23196.35,5946.68,1.8,"4.37E+04",346.84,79.49,2.03,"4564900","0.09"
"Norway",2004,0,24644.87,6023.8,1.81,"5.24E+04",390.25,79.84,1.92,"4591950",""
"Norway",2005,0,0,0,1.84,"6.09E+04",735.41,80.04,1.65,"4623300","0.11"
"Japan",2000,9.5,8006.53,4169.12,1.36,"34490",299.52,81.08,0.98,"1.27E+08",""
"Japan",2001,9.35,7861.49,4096.27,1.33,"35050",384.59,81.42,1,"1.27E+08",""
"Japan",2002,9.44,7960.18,4093.12,1.32,"33130",464.67,81.56,1.01,"1.27E+08",""
"Japan",2003,9.64,7839.95,4040.92,1.29,"33430",482.62,81.76,1.01,"1.28E+08","0.1"
"Japan",2004,0,8071.68,4173.36,1.29,"36540",502.18,82.03,0.99,"1.28E+08",""
"Japan",2005,0,0,0,1.26,"38950",667.51,82.08,0.97,"1.28E+08","0.1"
"United Arab Emirates",2000,35.58,11885.74,11022.79,2.75,"1.93E+04",235.6,77.74,3.35,"3247000",""
"United Arab Emirates",2001,33.46,11489.11,10290.42,0,"2.05E+04",279.82,0,3.44,"3488000",""
"United Arab Emirates",2002,33.66,11633.72,10697.12,2.53,"1.99E+04",313.14,78.4,3.34,"3754000",""
"United Arab Emirates",2003,33.41,11435.54,10512.74,0,"2.11E+04",274.74,0,2.86,"4041000","0.2"
"United Arab Emirates",2004,0,11331.25,10141.9,0,"2.40E+04",286.68,0,2.33,"4320000",""
"United Arab Emirates",2005,0,0,0,2.43,"",308.22,79.18,1.93,"4533145","0.2"
"Cuba",2000,2.28,1138.1,1031.94,1.58,"",5.39,76.47,0,"1.11E+07",""
"Cuba",2001,2.18,1160.26,1011.98,1.6,"",10.75,0,0,"1.12E+07",""
"Cuba",2002,2.4,1187.39,963.32,1.67,"",14.3,76.75,0,"1.12E+07",""
"Cuba",2003,2.25,1203.23,935.13,1.63,"",8.73,77,0,"1.12E+07","0.09"
"Cuba",2004,0,1176.88,950.29,1.54,"",13.34,76.9,0,"1.12E+07",""
"Cuba",2005,0,0,0,1.5,"",16.86,77.25,0,"1.13E+07","0.09"
"Costa Rica",2000,1.41,1517.51,841.99,2.39,"3710",58.03,77.69,0,"3928797",""
"Costa Rica",2001,1.4,1541.94,834.99,2.28,"3860",95.65,77.7,0,"4014435",""
"Costa Rica",2002,1.38,1550.18,866.5,2.08,"3900",199.11,78.64,0,"4096943",""
"Costa Rica",2003,1.52,1665.8,879.95,2.08,"4160",215.5,78.64,0,"4176372","0.26"
"Costa Rica",2004,0,1667.28,869.97,2.02,"4420",235.13,78.75,0,"4253037",""
"Costa Rica",2005,0,0,0,2,"4660",254.2,78.95,0,"4327228","0.29"
"Tajikistan",2000,0.65,2176.8,469.64,4,"180",0.49,63.45,1.2,"6172835",""
"Tajikistan",2001,0.69,2160.75,504.33,0,"180",0.51,0,1.15,"6245969",""
"Tajikistan",2002,0.75,2172.27,478.01,3.81,"180",0.55,63.55,2.09,"6317813",""
"Tajikistan",2003,0.73,2195.24,498.7,0,"210",0.64,0,2.24,"6390641","0.1"
"Tajikistan",2004,0,2226.87,515.66,0,"280",0.77,0,2.17,"6467377",""
"Tajikistan",2005,0,0,0,3.53,"330",0,64.02,0,"6550213","0.14"
"Sri Lanka",2000,0.53,276.67,417.53,1.9,"810",6.28,73.59,4.53,"1.94E+07",""
"Sri Lanka",2001,0.54,282.03,422.7,0,"840",8.01,0,3.85,"1.87E+07",""
"Sri Lanka",2002,0.56,294.1,417.74,1.97,"850",10.52,73.92,3.11,"1.90E+07",""
"Sri Lanka",2003,0.54,325.14,448.92,1.97,"930",14.54,0,2.67,"1.93E+07","0.1"
"Sri Lanka",2004,0,344.16,485,1.94,"1040",14.39,0,2.78,"1.95E+07",""
"Sri Lanka",2005,0,0,0,1.91,"1170",0,74.67,2.65,"1.96E+07","0.1"
"India",2000,1.14,402.02,503.96,3.07,"4.50E+02",5.41,62.92,3.05,"1.02E+09",""
"India",2001,1.13,403.03,503.44,0,"4.60E+02",6.78,0,3.02,"1.03E+09",""
"India",2002,1.17,416.6,508.96,2.92,"4.70E+02",15.81,63.38,2.92,"1.05E+09",""
"India",2003,1.2,434.81,515.47,2.92,"5.30E+02",17.36,0,2.75,"1.06E+09","0.89"
"India",2004,0,457.32,530.55,2.88,"6.30E+02",32.42,0,2.94,"1.08E+09",""
"India",2005,0,0,0,2.84,"7.30E+02",54.82,63.5,2.87,"1.09E+09","0.92"
"Greenland",2000,9.91,0,0,2.31,"",317.46,65.93,0,"56200",""
"Greenland",2001,9.95,0,0,2.45,"",354.92,66.93,0,"56350",""
"Greenland",2002,9.97,0,0,2.49,"",441.7,68.86,0,"56600",""
"Greenland",2003,10,0,0,2.36,"",546.11,0,0,"56765",""
"Greenland",2004,0,0,0,0,"",667.7,0,0,"56912",""
"Greenland",2005,0,0,0,0,"",0,0,0,"56935",""
"Jordan",2000,3.23,1376.97,1081.6,3.84,"1790",26.54,70.65,8.86,"4797500",""
"Jordan",2001,3.15,1401.93,1039.55,0,"1850",47.59,0,8.44,"4917500",""
"Jordan",2002,3.25,1478.36,1062.92,3.53,"1890",61.03,71.26,8.11,"5038000",""
"Jordan",2003,3.31,1516.46,1071.46,0,"2000",85.99,0,8.98,"5164000","0.2"
"Jordan",2004,0,1620.04,1232.33,0,"2260",119,0,8.08,"5290000",""
"Jordan",2005,0,0,0,3.29,"2490",0,72.02,7.67,"5411500","0.2"
"Senegal",2000,0.39,138.55,239.49,5.27,"450",3.87,55.2,1.43,"1.03E+07",""
"Senegal",2001,0.41,152.3,239.2,0,"440",9.44,0,1.51,"1.06E+07",""
"Senegal",2002,0.43,159.54,236.27,5,"420",9.67,55.53,1.49,"1.09E+07",""
"Senegal",2003,0.43,167.19,233.21,5.3,"490",20.24,0,1.51,"1.11E+07","0.92"
"Senegal",2004,0,176.09,241.61,0,"600",42.33,0,1.41,"1.14E+07",""
"Senegal",2005,0,0,0,4.9,"700",46.32,56.45,1.51,"1.17E+07","0.91"
"Heavily indebted poor countries (HIPC)",2000,0.18,145.75,366.01,5.6,"2.81E+02",2.03,48.41,2.44,"4.91E+08",""
"Heavily indebted poor countries (HIPC)",2001,0.18,156.85,368.79,0,"2.76E+02",3.39,0,2.12,"5.03E+08",""
"Heavily indebted poor countries (HIPC)",2002,0.19,159.44,376.81,5.51,"2.74E+02",5.24,48.56,2.16,"5.15E+08",""
"Heavily indebted poor countries (HIPC)",2003,0.19,164.41,382.73,0,"2.96E+02",8.29,0,1.84,"5.28E+08","4.21"
"Heavily indebted poor countries (HIPC)",2004,0,166.85,390.98,0,"3.39E+02",11.65,0,1.69,"5.41E+08",""
"Heavily indebted poor countries (HIPC)",2005,0,0,0,5.3,"3.84E+02",18.03,49.36,0,"5.54E+08","3.8"
"Eritrea",2000,0.17,0,0,5.69,"1.80E+02",1.41,52.75,36.41,"3556531",""
"Eritrea",2001,0.17,0,0,0,"1.80E+02",1.62,0,24.83,"3706696",""
"Eritrea",2002,0.17,0,0,5.53,"1.70E+02",2.32,53.41,23.9,"3875007",""
"Eritrea",2003,0.17,0,0,0,"1.60E+02",2.34,0,19.32,"4053494","2.39"
"Eritrea",2004,0,0,0,0,"1.60E+02",11.82,0,0,"4231538",""
"Eritrea",2005,0,0,0,5.24,"1.70E+02",15.9,54.9,0,"4401357","2.36"
"Namibia",2000,0.92,1259.48,544.23,4.29,"1870",15.84,52.28,3.32,"1894436",""
"Namibia",2001,1.07,1238.91,594.84,0,"1770",23.32,0,2.66,"1929929",""
"Namibia",2002,1.08,1297.91,619.36,3.95,"1740",25.51,48.54,2.67,"1960077",""
"Namibia",2003,1.17,1324.8,639.99,0,"1990",32.73,0,2.64,"1985964","19.48"
"Namibia",2004,0,1388.58,665.42,0,"2380",37.33,0,2.81,"2009251",""
"Namibia",2005,0,0,0,3.66,"2960",0,46.93,3.02,"2031252","19.56"
"Myanmar",2000,0.19,73.67,265.17,2.68,"",0.15,59.48,2.31,"4.77E+07",""
"Myanmar",2001,0.16,66.83,256.42,0,"",0.21,0,1.8,"4.83E+07",""
"Myanmar",2002,0.18,97.89,266.03,2.46,"",0.51,60.07,1.3,"4.89E+07",""
"Myanmar",2003,0.19,101.11,276.49,0,"",0.57,0,0,"4.95E+07","1.38"
"Myanmar",2004,0,103.61,282.86,0,"",1.27,0,0,"5.00E+07",""
"Myanmar",2005,0,0,0,2.23,"",1.54,61.11,0,"5.05E+07","1.25"
"Uruguay",2000,1.48,1990.4,932.49,2.19,"6220",106.03,74.89,1.75,"3300848",""
"Uruguay",2001,1.37,1970.77,817.63,2.14,"5760",111.84,74.87,1.77,"3308357",""
"Uruguay",2002,1.31,1895.41,758.04,2.15,"4480",114.85,74.84,1.66,"3308527",""
"Uruguay",2003,1.32,1841.36,761.91,2.1,"3860",160.43,74.88,1.51,"3303540","0.43"
"Uruguay",2004,0,1945.04,867.12,2.08,"4040",171.78,75.22,1.15,"3301732",""
"Uruguay",2005,0,0,0,2,"4560",202.07,75.61,1.38,"3305723","0.49"
"Latin America & Caribbean",2000,2.51,1578.62,1153.42,2.61,"3770.13",38.15,71.21,1.35,"5.13E+08",""
"Latin America & Caribbean",2001,2.47,1542.35,1138.6,0,"3626.77",56.19,0,1.43,"5.21E+08",""
"Latin America & Caribbean",2002,2.37,1567.89,1133.24,2.53,"3364.11",81.79,71.74,1.39,"5.28E+08",""
"Latin America & Caribbean",2003,2.37,1614.11,1132.54,0,"3362.4",98.32,0,1.25,"5.35E+08","0.53"
"Latin America & Caribbean",2004,0,1667.19,1168.82,0,"3687.85",116.81,0,1.2,"5.42E+08",""
"Latin America & Caribbean",2005,0,0,0,2.42,"4156.52",155.97,72.52,1.24,"5.49E+08","0.57"
"Libya",2000,8.79,2243.39,3207.54,3.18,"",1.88,73.14,3.15,"5306250",""
"Libya",2001,8.87,2268.81,3190.89,0,"",3.7,0,2.73,"5411653",""
"Libya",2002,8.89,2382.8,3205.03,3.03,"",22.65,73.66,2.36,"5519134",""
"Libya",2003,8.91,2414.96,3203.43,0,"4.32E+03",28.43,0,2.27,"5628663","0.2"
"Libya",2004,0,2519.45,3169.43,0,"4.47E+03",35.71,0,1.86,"5740148",""
"Libya",2005,0,0,0,0,"5.93E+03",0,74.35,0,"5853452","0.2"
"Sub-Saharan Africa",2000,0.72,493.11,660.36,5.54,"485.06",5.1,46.66,1.85,"6.69E+08",""
"Sub-Saharan Africa",2001,0.72,498.43,665.59,0,"476.87",6.75,0,1.77,"6.85E+08",""
"Sub-Saharan Africa",2002,0.74,518.25,662.82,5.45,"467.38",9.36,46.44,1.96,"7.02E+08",""
"Sub-Saharan Africa",2003,0.74,532.19,676.7,0,"508.96",13.37,0,1.67,"7.19E+08","6.38"
"Sub-Saharan Africa",2004,0,541.19,691.65,0,"602.64",16.87,0,1.58,"7.35E+08",""
"Sub-Saharan Africa",2005,0,0,0,5.27,"742.94",28.63,47.16,1.58,"7.53E+08","5.8"
"Andorra",2000,0,0,0,0,"",0,0,0,"",""
"Andorra",2001,0,0,0,0,"",0,0,0,"",""
"Andorra",2002,0,0,0,0,"",0,0,0,"",""
"Andorra",2003,0,0,0,0,"",152.26,0,0,"66000",""
"Andorra",2004,0,0,0,0,"",166.67,0,0,"66000",""
"Andorra",2005,0,0,0,0,"",331.15,0,0,"66200",""
"Low income",2000,0.8,326.47,483.7,3.89,"382.05",3.43,58.28,2.88,"2.15E+09",""
"Low income",2001,0.8,330.91,485.54,0,"390.87",4.91,0,2.8,"2.19E+09",""
"Low income",2002,0.82,343.4,490.78,3.76,"393.65",10.5,58.58,2.85,"2.23E+09",""
"Low income",2003,0.83,357.64,496.92,0,"436.8",16.4,0,2.61,"2.28E+09","1.68"
"Low income",2004,0,373.82,510.41,0,"505.77",27.04,0,2.7,"2.32E+09",""
"Low income",2005,0,0,0,3.63,"584.2",44.04,59.01,2.56,"2.36E+09","1.66"
"Rwanda",2000,0.07,0,0,0,"2.50E+02",0.62,40.93,3.39,"8024511",""
"Rwanda",2001,0.07,0,0,0,"2.30E+02",2.39,0,3.34,"8383013",""
"Rwanda",2002,0.07,0,0,0,"2.10E+02",2.9,43.52,2.95,"8613903",""
"Rwanda",2003,0.07,0,0,0,"2.00E+02",3.54,0,2.54,"8757694","3.75"
"Rwanda",2004,0,0,0,6.1,"2.10E+02",4.28,0,2.28,"8882365",""
"Rwanda",2005,0,0,0,5.8,"2.30E+02",5.53,44.12,2.17,"9037690","3"
"Swaziland",2000,0.96,0,0,4.4,"1370",9.57,45.44,1.93,"1045000",""
"Swaziland",2001,0.92,0,0,0,"1370",13.11,0,1.7,"1067944",""
"Swaziland",2002,0.89,0,0,4.2,"1180",18.38,43.74,0,"1088176",""
"Swaziland",2003,0.86,0,0,4.1,"1320",24.42,42.97,0,"1105525","32.43"
"Swaziland",2004,0,0,0,4,"1670",32.15,42.2,0,"1119841",""
"Swaziland",2005,0,0,0,3.91,"2210",0,41.46,0,"1131000","33.38"
"Low & middle income",2000,2.08,1007.7,932.66,2.88,"1155.27",15.52,64.52,2.14,"5.08E+09",""
"Low & middle income",2001,2.11,1029.88,933.89,0,"1163.75",22.45,0,2.23,"5.15E+09",""
"Low & middle income",2002,2.22,1071.85,953.85,2.81,"1178.38",36.24,64.81,2.25,"5.22E+09",""
"Low & middle income",2003,2.36,1145.91,998.77,0,"1287.33",48.65,0,2.21,"5.28E+09","1.03"
"Low & middle income",2004,0,1224.52,1056.59,0,"1497.7",62.96,0,2.14,"5.35E+09",""
"Low & middle income",2005,0,0,0,2.73,"1742.25",83.78,65.44,2.05,"5.42E+09","1.05"
"Brazil",2000,1.77,1897.06,1068.1,2.39,"3.87E+03",28.76,69.72,1.58,"1.74E+08",""
"Brazil",2001,1.79,1752.97,1059.57,0,"3.30E+03",45.36,0,1.77,"1.76E+08",""
"Brazil",2002,1.75,1813.16,1069.88,2.35,"3.06E+03",79.94,70.3,1.94,"1.79E+08",""
"Brazil",2003,1.64,1884.52,1067.57,0,"2.96E+03",99.22,0,1.51,"1.81E+08","0.5"
"Brazil",2004,0,1955.08,1113.83,0,"3.32E+03",119.62,0,1.32,"1.84E+08",""
"Brazil",2005,0,0,0,2.29,"3.89E+03",195.04,71.24,1.42,"1.86E+08","0.54"
"Serbia and Montenegro",2000,5.01,3878.34,1638.03,1.66,"1.25E+03",49.16,72.49,5.58,"8137237",""
"Serbia and Montenegro",2001,5.37,4095.56,1795.26,0,"1.29E+03",73.85,0,4.28,"8124172",""
"Serbia and Montenegro",2002,5.81,4136.22,1924.95,1.74,"1.43E+03",78.82,72.69,4.38,"8120225",""
"Serbia and Montenegro",2003,6.16,4001.43,2004.36,1.74,"1.93E+03",104.57,0,3.54,"8099856","0.17"
"Serbia and Montenegro",2004,0,4028.54,0,1.6,"2.70E+03",148.43,0,3.4,"8084813",""
"Serbia and Montenegro",2005,0,0,0,1.61,"3.22E+03",0,72.79,2.74,"8064253","0.19"
"Qatar",2000,59.96,14020.21,21428.61,3.18,"",49.48,72.96,0,"606339",""
"Qatar",2001,66.2,14408.61,21959.24,0,"",62.26,0,0,"642463",""
"Qatar",2002,67.27,14827.64,21884.46,3.03,"",102,73.4,0,"686286",""
"Qatar",2003,62.97,15240.64,21388.72,0,"",191.97,0,0,"733237","0.2"
"Qatar",2004,0,15853.3,23246.45,0,"",212.37,0,0,"776936",""
"Qatar",2005,0,0,0,2.89,"",269.43,74.1,0,"812842","0.2"
"Spain",2000,7,5206.91,3096.55,1.24,"15420",136.25,78.97,1.21,"4.03E+07",""
"Spain",2001,6.96,5439.82,3139.43,1.26,"15050",181.43,79.02,1.17,"4.07E+07",""
"Spain",2002,7.35,5592.42,3185.61,1.27,"15100",190.15,79.16,1.15,"4.13E+07",""
"Spain",2003,7.36,5700.89,3239.15,1.3,"17490",233.05,79.56,1.1,"4.20E+07","0.7"
"Spain",2004,0,5924.09,3330.93,1.33,"21450",335.73,80.09,1.09,"4.27E+07",""
"Spain",2005,0,0,0,1.33,"25250",348.38,80.57,1.03,"4.34E+07","0.62"
"Palau",2000,0,0,0,0,"",0,0,0,"",""
"Palau",2001,0,0,0,0,"",0,0,0,"",""
"Palau",2002,0,0,0,0,"",0,0,0,"",""
"Palau",2003,12.27,0,0,0,"6.42E+03",0,0,0,"19700",""
"Palau",2004,0,0,0,0,"7.12E+03",0,0,0,"20000",""
"Palau",2005,0,0,0,0,"7.67E+03",0,0,0,"20100",""
"Bhutan",2000,0.71,0,0,0,"780",4.03,0,0,"558565",""
"Bhutan",2001,0.7,0,0,0,"830",8.71,0,0,"574296",""
"Bhutan",2002,0.68,0,0,2.91,"890",16.92,63.49,0,"590883",""
"Bhutan",2003,0.63,0,0,0,"970",24.69,0,0,"607475","0.1"
"Bhutan",2004,0,0,0,0,"1100",32.1,0,0,"623082",""
"Bhutan",2005,0,0,0,2.5,"1250",39.25,0,0,"637013","0.1"
"Israel",2000,10.19,6371.92,3057.08,2.95,"17090",201.94,78.95,8.39,"6289000",""
"Israel",2001,9.96,6382.51,3113.53,0,"16940",279.55,79.41,8.48,"6439000",""
"Israel",2002,10.39,6481.89,3044.44,2.89,"16040",304.41,79.45,9.6,"6570000",""
"Israel",2003,10.21,6597.31,3085.04,2.95,"16320",373.71,79.65,8.9,"6689700","0.2"
"Israel",2004,0,6802.82,3048.87,2.9,"17350",470.35,79.37,8.74,"6803500",""
"Israel",2005,0,0,0,2.82,"18580",0,79.72,7.92,"6923600","0.2"
"Azerbaijan",2000,3.7,2040.5,1430.32,2.07,"610",1.49,71.77,2.06,"8048535",""
"Azerbaijan",2001,3.42,2106.36,1427.54,0,"660",3.08,71.82,2,"8111144",""
"Azerbaijan",2002,3.41,2102.21,1430.39,2.07,"720",36.71,72.13,2,"8171893",""
"Azerbaijan",2003,3.54,2354.98,1492.58,2.07,"820",42.51,72.23,1.9,"8234040","0.1"
"Azerbaijan",2004,0,2437.4,1558.8,2.05,"950",49.12,72.33,1.74,"8306400",""
"Azerbaijan",2005,0,0,0,2.33,"1270",80.93,72.28,2.01,"8388000","0.11"
"Nepal",2000,0.13,57.63,334.21,3.97,"230",2.05,60.53,0.96,"2.44E+07",""
"Nepal",2001,0.14,62.86,336.98,0,"230",2.4,0,1.18,"2.50E+07",""
"Nepal",2002,0.11,65.45,333.72,3.71,"230",3.14,61.29,1.57,"2.55E+07",""
"Nepal",2003,0.11,67.9,335.89,0,"230",3.84,0,1.75,"2.61E+07","0.48"
"Nepal",2004,0,68.82,340.53,0,"250",4.51,0,1.88,"2.66E+07",""
"Nepal",2005,0,0,0,3.46,"270",4.15,62.65,1.97,"2.71E+07","0.53"
"Vietnam",2000,0.69,295.02,482.05,1.9,"3.90E+02",2.58,69.05,0,"7.76E+07",""
"Vietnam",2001,0.77,335.07,501.58,0,"4.10E+02",12.83,0,0,"7.87E+07",""
"Vietnam",2002,0.9,386.12,533.96,1.87,"4.30E+02",18.81,69.69,0,"7.97E+07",""
"Vietnam",2003,0.94,440.69,546.76,0,"4.70E+02",38.29,0,0,"8.09E+07","0.44"
"Vietnam",2004,0,502.24,612.18,0,"5.40E+02",77.35,0,0,"8.20E+07",""
"Vietnam",2005,0,0,0,1.78,"6.20E+02",128.89,70.65,0,"8.31E+07","0.5"
"Ethiopia",2000,0.09,23.44,291.13,5.71,"1.30E+02",0.16,42.29,7.88,"6.43E+07",""
"Ethiopia",2001,0.1,27.53,295.69,0,"1.30E+02",0.38,0,4.8,"6.58E+07",""
"Ethiopia",2002,0.1,27.37,296.56,5.6,"1.20E+02",0.74,42.13,4.73,"6.72E+07",""
"Ethiopia",2003,0.11,30.13,298.91,5.51,"1.10E+02",1.09,42.3,4.35,"6.86E+07",""
"Ethiopia",2004,0,32.68,302.73,5.4,"1.30E+02",1.62,42.48,3.67,"7.00E+07",""
"Ethiopia",2005,0,0,0,5.32,"1.60E+02",2.3,42.65,3.05,"7.13E+07","1.4"
"Honduras",2000,0.78,500.91,468.84,3.95,"8.60E+02",11.67,67.34,0.58,"6424340",""
"Honduras",2001,0.87,513.23,491.65,0,"8.90E+02",13.67,0,0.65,"6581875",""
"Honduras",2002,0.9,543.94,508.47,3.72,"9.10E+02",25.23,67.59,0.83,"6737843",""
"Honduras",2003,0.94,556.07,521.84,0,"9.60E+02",26.98,0,0.76,"6892959","1.5"
"Honduras",2004,0,585.67,547.51,0,"1.04E+03",31.92,0,0.68,"7048327",""
"Honduras",2005,0,0,0,3.47,"1.12E+03",36.09,68.57,0.64,"7204723","1.54"
"Hong Kong, China",2000,5.62,5446.66,2318.38,1.03,"26980",278.35,80.88,0,"6665000",""
"Hong Kong, China",2001,5.33,5541.2,2421,0.93,"26060",386.82,81.42,0,"6724900",""
"Hong Kong, China",2002,5.1,5612.2,2412.85,0.94,"24680",430.06,81.48,0,"6787000",""
"Hong Kong, China",2003,5.55,5653.01,2427.42,0.9,"25590",472.26,81.33,0,"6803100",""
"Hong Kong, China",2004,0,5699.3,2487.58,0.93,"27130",505.58,81.78,0,"6882600",""
"Hong Kong, China",2005,0,0,0,0.97,"27690",507.83,81.58,0,"6943600",""
"Australia",2000,18.22,10054.61,5768.65,1.76,"20720",344.59,79.63,1.74,"1.92E+07",""
"Australia",2001,18.91,10365.58,5581.05,1.73,"20490",396.64,79.94,1.77,"1.94E+07",""
"Australia",2002,18,10772.97,5697.42,1.76,"20280",534.6,80.24,1.8,"1.96E+07",""
"Australia",2003,17.82,10713.38,5681.53,1.75,"22840",568.61,80.49,1.79,"1.99E+07","0.1"
"Australia",2004,0,11192.81,5762.29,1.77,"27820",647.02,80.49,1.81,"2.01E+07",""
"Australia",2005,0,0,0,1.77,"33120",698.02,80.63,1.78,"2.03E+07","0.1"
"Netherlands",2000,8.73,6559.45,4761.5,1.72,"2.67E+04",439.55,77.99,1.55,"1.59E+07",""
"Netherlands",2001,8.72,6659.81,4858.13,1.71,"2.56E+04",492.33,78.2,1.55,"1.60E+07",""
"Netherlands",2002,9.32,6702.32,4870.55,1.73,"2.53E+04",507.77,78.28,1.54,"1.61E+07",""
"Netherlands",2003,8.68,6747.07,4988.39,1.75,"2.84E+04",523.87,78.49,1.55,"1.62E+07","0.21"
"Netherlands",2004,0,6919.66,5045.35,1.73,"3.43E+04",614.19,78.69,1.59,"1.63E+07",""
"Netherlands",2005,0,0,0,1.73,"3.93E+04",738.98,79.35,1.59,"1.63E+07","0.22"
"Northern Mariana Islands",2000,0,0,0,0,"",0,0,0,"",""
"Northern Mariana Islands",2001,0,0,0,0,"",0,0,0,"",""
"Northern Mariana Islands",2002,0,0,0,0,"",0,0,0,"",""
"Northern Mariana Islands",2003,0,0,0,0,"",0,0,0,"76000",""
"Northern Mariana Islands",2004,0,0,0,0,"",0,0,0,"78200",""
"Northern Mariana Islands",2005,0,0,0,0,"",0,0,0,"80300",""
"New Caledonia",2000,8.47,0,0,2.63,"14020",140.7,73.47,0,"213220.3",""
"New Caledonia",2001,8.36,0,0,2.47,"",184.07,73.23,0,"217313.7",""
"New Caledonia",2002,8.22,0,0,2.37,"",225.75,73.66,0,"221479.5",""
"New Caledonia",2003,8.28,0,0,2.3,"",265.81,74.18,0,"225724.8",""
"New Caledonia",2004,0,0,0,2.3,"",304.27,74.67,0,"230057.6",""
"New Caledonia",2005,0,0,0,2.3,"",324.12,75.16,0,"234479.5",""
"Somalia",2000,0,0,0,6.56,"",2.14,45.19,0,"7011658",""
"Somalia",2001,0,0,0,0,"",0,0,0,"7228173",""
"Somalia",2002,0,0,0,6.43,"",0,46.13,0,"7461468",""
"Somalia",2003,0,0,0,0,"",0,0,0,"7708005","0.88"
"Somalia",2004,0,0,0,0,"",10.8,0,0,"7964414",""
"Somalia",2005,0,0,0,6.2,"",10.94,47.73,0,"8227826","0.86"
"Antigua and Barbuda",2000,4.6,0,0,1.7,"8190",65.37,75.06,0,"76486",""
"Antigua and Barbuda",2001,4.54,0,0,0,"8540",90.34,0,0,"77483.09",""
"Antigua and Barbuda",2002,4.7,0,0,1.7,"8600",127.04,75.28,0,"78712.73",""
"Antigua and Barbuda",2003,4.99,0,0,0,"9170",174.9,0,0,"80047.71",""
"Antigua and Barbuda",2004,0,0,0,0,"10500",245.68,0,0,"81405.34",""
"Antigua and Barbuda",2005,0,0,0,0,"10700",350.3,0,0,"82786",""
"Isle of Man",2000,0,0,0,1.69,"",0,77.61,0,"72666.73",""
"Isle of Man",2001,0,0,0,0,"",0,0,0,"73330.65",""
"Isle of Man",2002,0,0,0,1.65,"24700",0,77.97,0,"74006.8",""
"Isle of Man",2003,0,0,0,0,"28620",0,0,0,"74689.2",""
"Isle of Man",2004,0,0,0,0,"",0,0,0,"75377.88",""
"Isle of Man",2005,0,0,0,0,"",0,0,0,"76072.91",""
"Finland",2000,9.99,15285.93,6373.98,1.73,"25150",372.28,77.5,1.26,"5176198",""
"Finland",2001,10.88,15687.18,6517.93,1.73,"24160",430.86,77.98,1.2,"5187996",""
"Finland",2002,11.74,16129.88,6834.6,1.72,"24220",486.29,78.12,1.19,"5200597",""
"Finland",2003,13.01,16427.21,7227.71,1.76,"27090",491.08,78.37,1.22,"5212996","0.08"
"Finland",2004,0,16779.95,7285.76,1.8,"33010",512.61,78.71,1.23,"5228143",""
"Finland",2005,0,0,0,1.8,"37530",533.73,78.82,1.21,"5246100","0.08"
"Lithuania",2000,3.41,2516.63,2086.57,1.39,"3020",64.29,71.97,1.66,"3499528",""
"Lithuania",2001,3.57,2687.79,2292.82,1.3,"3270",71.81,71.61,1.66,"3481295",""
"Lithuania",2002,3.62,2827.54,2515.35,1.24,"3630",144.13,71.76,1.7,"3469094",""
"Lithuania",2003,3.67,3055.09,2629.81,1.26,"4330",201.4,71.86,1.62,"3454240","0.07"
"Lithuania",2004,0,3145.32,2665.92,1.26,"5560",281.76,71.92,1.66,"3435585",""
"Lithuania",2005,0,0,0,1.27,"6910",357.83,71.25,1.8,"3414300","0.17"
"Suriname",2000,4.9,0,0,2.68,"2070",26.98,68.83,0,"434018",""
"Suriname",2001,5.17,0,0,0,"1770",33.19,0,0,"437486",""
"Suriname",2002,5.1,0,0,2.6,"1900",45.39,69.05,0,"440670",""
"Suriname",2003,5.04,0,0,0,"2060",51.85,0,0,"443628","1.72"
"Suriname",2004,0,0,0,0,"2260",67.2,0,0,"446460",""
"Suriname",2005,0,0,0,2.51,"2540",71.23,69.71,0,"449238","1.94"
"Jamaica",2000,3.98,2320.62,1513.87,2.53,"2930",30.9,71.03,0.55,"2589389",""
"Jamaica",2001,4.08,2338.77,1537.17,0,"2940",38.39,0,0.56,"2604789",""
"Jamaica",2002,3.93,2412.99,1495.32,2.44,"2950",229.23,70.69,0.66,"2617495",""
"Jamaica",2003,4.07,2481,1543.12,2.44,"3110",304.14,0,0.66,"2630388","1.51"
"Jamaica",2004,0,2454.96,1540.88,2.41,"3320",403.86,0,0.68,"2642000",""
"Jamaica",2005,0,0,0,2.38,"3420",0,70.9,0.71,"2654500","1.53"
"United Kingdom",2000,9.31,6030.95,3898.85,1.64,"25010",264.47,77.74,2.44,"5.97E+07",""
"United Kingdom",2001,9.51,6102.46,3942.35,1.63,"25090",332.77,0,2.43,"5.95E+07",""
"United Kingdom",2002,9.27,6152.71,3853.37,1.64,"25720",421.57,77.59,2.45,"5.93E+07",""
"United Kingdom",2003,9.37,6198.31,3898.37,1.71,"28450",436.79,78.4,2.7,"5.96E+07","0.2"
"United Kingdom",2004,0,6205.6,3905.6,1.77,"33890",469.53,78.75,2.77,"5.98E+07",""
"United Kingdom",2005,0,0,0,1.8,"37750",473.46,78.95,2.59,"6.02E+07","0.2"
"Grenada",2000,2.02,0,0,3.24,"3.66E+03",40.56,72.49,0,"101400",""
"Grenada",2001,2.14,0,0,0,"3.39E+03",50.67,0,0,"102632",""
"Grenada",2002,2.09,0,0,3,"3.34E+03",144.93,72.97,0,"103501",""
"Grenada",2003,2.1,0,0,0,"3.79E+03",181.62,0,0,"104614",""
"Grenada",2004,0,0,0,0,"3.86E+03",0,0,0,"105747.5",""
"Grenada",2005,0,0,0,0,"4.12E+03",0,0,0,"106500",""
"Gambia, The",2000,0.21,0,0,4.93,"320",9.12,54.72,0.79,"1315884",""
"Gambia, The",2001,0.21,0,0,0,"310",13.27,0,0.68,"1356635",""
"Gambia, The",2002,0.2,0,0,4.74,"270",17.89,55.44,0.61,"1397295",""
"Gambia, The",2003,0.2,0,0,0,"270",24.34,0,0.45,"1437697","2.21"
"Gambia, The",2004,0,0,0,0,"270",33.16,0,0.37,"1477666",""
"Gambia, The",2005,0,0,0,4.4,"290",0,56.79,0.34,"1517079","2.44"
"Slovak Republic",2000,6.57,4955.89,3291.68,1.3,"3860",94.09,73.2,1.67,"5388741",""
"Slovak Republic",2001,6.89,5027.42,3455.17,1.2,"3860",125.31,73.55,1.87,"5378900",""
"Slovak Republic",2002,6.87,5049.54,3484.23,1.18,"4100",160.4,73.65,1.79,"5379100",""
"Slovak Republic",2003,6.98,5015.94,3463.05,1.2,"5010",255.74,73.75,1.89,"5379650","0.1"
"Slovak Republic",2004,0,5088.2,3406.63,1.24,"6570",422.87,73.96,1.69,"5382450",""
"Slovak Republic",2005,0,0,0,1.25,"8100",464.08,73.9,1.74,"5387000","0.1"
"Venezuela, RB",2000,6.69,2654.02,2333.26,2.83,"4100",33.73,73.27,1.29,"2.43E+07",""
"Venezuela, RB",2001,6.37,2720.45,2348.31,2.79,"4580",46.56,73.43,1.71,"2.48E+07",""
"Venezuela, RB",2002,5.37,2653.17,2290.33,2.76,"3970",49.33,73.63,1.29,"2.52E+07",""
"Venezuela, RB",2003,5.61,2664.29,2068.4,2.72,"3470",75.37,73.83,1.27,"2.57E+07","0.65"
"Venezuela, RB",2004,0,2760.21,2149.42,2.69,"4080",84.47,74.02,1.21,"2.61E+07",""
"Venezuela, RB",2005,0,0,0,2.65,"4940",124.66,74.22,1.11,"2.66E+07","0.72"
"Singapore",2000,14.05,7594.64,5537.75,1.44,"2.30E+04",323.57,78.05,4.67,"4017700",""
"Singapore",2001,13.68,7528.56,5563.52,1.41,"2.13E+04",411.5,78.35,5.04,"4131200",""
"Singapore",2002,13.3,7764.97,5852.37,1.37,"2.11E+04",503.44,78.67,5.14,"4171300",""
"Singapore",2003,11.42,7977.16,5201.66,1.25,"2.18E+04",549.56,0,5.11,"4185200","0.25"
"Singapore",2004,0,8169.94,6034.01,1.24,"2.50E+04",571.13,79.3,4.7,"4240300",""
"Singapore",2005,0,0,0,1.24,"2.66E+04",0,79.7,4.68,"4341800","0.3"
"Guinea-Bissau",2000,0.19,0,0,7.1,"160",2.2,44.45,4.42,"1365650",""
"Guinea-Bissau",2001,0.18,0,0,0,"140",2.84,0,3.11,"1406179",""
"Guinea-Bissau",2002,0.19,0,0,7.1,"130",9.66,44.6,0,"1449039",""
"Guinea-Bissau",2003,0.18,0,0,0,"130",12.72,0,0,"1493783","3.81"
"Guinea-Bissau",2004,0,0,0,0,"160",16.89,0,0,"1539712",""
"Guinea-Bissau",2005,0,0,0,7.08,"180",19.54,45.12,0,"1586344","3.79"
"Botswana",2000,2.33,907.64,1050.17,3.37,"3270",14.25,42.69,3.09,"1754002",""
"Botswana",2001,2.22,1145.81,1048.39,0,"3480",28.32,0,2.99,"1765570",""
"Botswana",2002,2.31,1198.19,1072.27,3.2,"3140",33.88,36.55,3.53,"1771008",""
"Botswana",2003,2.32,1257.09,1049.36,0,"3690",33.87,0,3.61,"1771556","24"
"Botswana",2004,0,1325.01,1054.8,0,"4430",33.92,0,3.26,"1769050",""
"Botswana",2005,0,0,0,3.03,"5530",34,34.97,2.45,"1764926","24.1"
"Faeroe Islands",2000,0,0,0,0,"",0,0,0,"",""
"Faeroe Islands",2001,0,0,0,0,"",0,0,0,"",""
"Faeroe Islands",2002,0,0,0,0,"",0,0,0,"",""
"Faeroe Islands",2003,13.74,0,0,0,"",583.33,0,0,"48000",""
"Faeroe Islands",2004,0,0,0,0,"",641.82,0,0,"48300",""
"Faeroe Islands",2005,0,0,0,0,"",0,0,0,"48300",""
"Kazakhstan",2000,8.14,3080.51,2666.49,1.88,"1270",6.72,65.52,0.78,"1.49E+07",""
"Kazakhstan",2001,8.4,3228.15,3065.15,0,"1350",10.1,65.77,1,"1.49E+07",""
"Kazakhstan",2002,10.57,3382.4,3154.65,1.8,"1520",16.82,65.97,1,"1.49E+07",""
"Kazakhstan",2003,10.68,3510.03,3346.77,1.78,"1800",20.12,65.87,1.03,"1.49E+07","0.1"
"Kazakhstan",2004,0,3621.23,3651.47,1.77,"2300",26.64,66.06,0.99,"1.50E+07",""
"Kazakhstan",2005,0,0,0,1.75,"2940",0,66.25,1.06,"1.51E+07","0.1"